book_title,consonant_cluster_density,v_density,cv_density,vc_density,cvc_density,vcc_density,cvcc_density,ccvc_density,ccv_density,ccvcc_density,ccvccc_density,grade_level
Aaloo-Maaloo-Kaaloo___Central_Bikol,0.367816091954023,2.2241379310344827,1.8275862068965518,1.4942528735632183,0.8505747126436781,0.27586206896551724,0.2471264367816092,0.10919540229885058,0.22988505747126436,0.034482758620689655,0.005747126436781609,1
Ang_Ladybird___Central_Bikol,0.5067567567567568,1.912162162162162,1.6554054054054055,1.3986486486486487,0.8445945945945946,0.4527027027027027,0.35135135135135137,0.20945945945945946,0.35135135135135137,0.10135135135135136,0.0,1
Ang_Pag-arog_ni_Toto_sa_saiyang_Lolo___Central_Bikol-v12022.08.25T085616,0.26851851851851855,2.009259259259259,1.8055555555555556,1.3148148148148149,0.8611111111111112,0.24074074074074073,0.19444444444444445,0.12037037037037036,0.17592592592592593,0.0,0.0,1
Ang_Samuyang_Baka_na_Si_Pedro___Central_Bikol,0.5063291139240507,1.9746835443037976,1.7974683544303798,1.3037974683544304,0.8860759493670886,0.43037974683544306,0.3670886075949367,0.17721518987341772,0.43037974683544306,0.02531645569620253,0.012658227848101266,1
Ano_ang_makangangalas_na_ginibo_ni_Ameena____Central_Bikol,0.4158415841584158,2.099009900990099,1.6237623762376239,1.306930693069307,0.6336633663366337,0.36633663366336633,0.21782178217821782,0.15841584158415842,0.297029702970297,0.07920792079207921,0.009900990099009901,1
Ano_ta_Dai_Nagtatalubo____Central_Bikol,0.3425414364640884,1.9944751381215469,1.7348066298342542,1.441988950276243,0.9060773480662984,0.30939226519337015,0.2541436464088398,0.15469613259668508,0.2265193370165746,0.049723756906077346,0.022099447513812154,1
An_Awit_nin_Duri-duri___Central_Bikol,0.4791666666666667,2.158333333333333,1.7208333333333334,1.4541666666666666,0.8625,0.3375,0.21666666666666667,0.2,0.3375,0.05,0.020833333333333332,1
An_Bubuyog_asin_an_Elepante___Central_Bikol,0.4,1.9,1.6333333333333333,1.4333333333333333,0.7777777777777778,0.34444444444444444,0.28888888888888886,0.06666666666666667,0.13333333333333333,0.011111111111111112,0.0,1
An_Ikus_asin_Ayam__Nyain_an_Ikus_____Central_Bikol,0.2897959183673469,1.853061224489796,1.3959183673469389,1.5877551020408163,0.8612244897959184,0.2571428571428571,0.22448979591836735,0.09387755102040816,0.16326530612244897,0.024489795918367346,0.0163265306122449,1
An_Kawat_ni_Mona_buda_Milo___Central_Bikol,0.5135135135135135,1.9594594594594594,1.7297297297297298,1.3513513513513513,1.0,0.3918918918918919,0.35135135135135137,0.20270270270270271,0.36486486486486486,0.13513513513513514,0.013513513513513514,1
An_Koneho_asin_Ayam___Central_Bikol-v12022.08.26T022028,0.41919191919191917,2.0707070707070705,1.6464646464646464,1.5656565656565657,0.8686868686868687,0.3434343434343434,0.23737373737373738,0.18686868686868688,0.2878787878787879,0.045454545454545456,0.010101010101010102,1
An_Lion_Nagdadalagan_asin_an_Baka_Naglalakaw___Central_Bikol,0.6956521739130435,2.1956521739130435,1.6956521739130435,1.891304347826087,1.0869565217391304,0.6304347826086957,0.5,0.391304347826087,0.43478260869565216,0.06521739130434782,0.043478260869565216,1
An_Magayunun_na_Aldaw___Central_Bikol,0.25654450261780104,1.8429319371727748,1.581151832460733,1.2408376963350785,0.743455497382199,0.21465968586387435,0.15706806282722513,0.12041884816753927,0.18848167539267016,0.02617801047120419,0.0,1
An_Magbarkadang_Kasag_asin_Sira___Central_Bikol,0.6194029850746269,1.9328358208955223,1.5,1.5,0.8768656716417911,0.47388059701492535,0.30223880597014924,0.2574626865671642,0.3843283582089552,0.11940298507462686,0.026119402985074626,1
An_Mahamis_na_Mansanas___Central_Bikol,0.3939393939393939,1.9878787878787878,1.690909090909091,1.4848484848484849,0.8787878787878788,0.36363636363636365,0.296969696969697,0.16363636363636364,0.2606060606060606,0.05454545454545454,0.01818181818181818,1
An_Makaraw_na_Millipede___Central_Bikol,0.6644295302013423,2.2885906040268456,1.8523489932885906,1.8120805369127517,1.0536912751677852,0.5570469798657718,0.4228187919463087,0.348993288590604,0.46308724832214765,0.12080536912751678,0.013422818791946308,1
An_Nawawarang_Aking_Pato___Central_Bikol,0.40625,2.1875,1.875,1.7604166666666667,1.0104166666666667,0.34375,0.3125,0.13541666666666666,0.17708333333333334,0.010416666666666666,0.0,1
An_Paglinig_sa_Hawak___Central_Bikol,0.4393305439330544,2.0502092050209204,1.5313807531380754,1.4895397489539748,0.7615062761506276,0.3807531380753138,0.2928870292887029,0.17154811715481172,0.25523012552301255,0.07112970711297072,0.02092050209205021,1
AN_SADIT_NA_BITOON_NI_ALI___Central_Bikol,0.2903225806451613,1.9096774193548387,1.6774193548387097,1.2516129032258065,0.7806451612903226,0.25806451612903225,0.22580645161290322,0.0967741935483871,0.16774193548387098,0.025806451612903226,0.012903225806451613,1
An_Sadit_na_Siyo_saka_an_Pato-pato___Central_Bikol-v12022.08.11T021900,0.582,2.15,1.894,1.644,1.014,0.464,0.348,0.266,0.424,0.094,0.01,1
An_Sadit_na_Ukay_Saka_An_Sira___Central_Bikol,0.358974358974359,1.8632478632478633,1.5555555555555556,1.3675213675213675,0.7948717948717948,0.26495726495726496,0.21367521367521367,0.13675213675213677,0.27350427350427353,0.017094017094017096,0.0,1
An_sakong_Lawas___Central_Bikol,0.5394190871369294,2.08298755186722,1.7717842323651452,1.6390041493775933,0.8506224066390041,0.4149377593360996,0.35269709543568467,0.1950207468879668,0.3153526970954357,0.03319502074688797,0.016597510373443983,1
An_Sakong_mga_Tanum_na_Kaunon___Central_Bikol,0.4842105263157895,2.086842105263158,1.7105263157894737,1.5710526315789475,0.8631578947368421,0.3605263157894737,0.2710526315789474,0.20789473684210527,0.30526315789473685,0.06578947368421052,0.015789473684210527,1
An_Samuyang_Pamilya___Central_Bikol-v12022.08.11T022308,0.6911764705882353,2.125,1.7573529411764706,1.7279411764705883,0.9852941176470589,0.5220588235294118,0.38235294117647056,0.29411764705882354,0.40441176470588236,0.08088235294117647,0.007352941176470588,1
An_Sarung_Dakulang_Keyk___Central_Bikol,0.3181818181818182,1.7954545454545454,1.6704545454545454,1.3295454545454546,0.875,0.3068181818181818,0.2840909090909091,0.03409090909090909,0.056818181818181816,0.011363636363636364,0.0,1
An_Tulong_Saradit_na_Kuting___Central_Bikol,0.5210084033613446,2.134453781512605,1.915966386554622,1.8319327731092436,1.1260504201680672,0.4957983193277311,0.4369747899159664,0.19327731092436976,0.24369747899159663,0.058823529411764705,0.03361344537815126,1
An_Turtle_Dove___Central_Bikol,0.42857142857142855,2.0714285714285716,1.9464285714285714,1.2678571428571428,0.9642857142857143,0.375,0.3392857142857143,0.14285714285714285,0.32142857142857145,0.03571428571428571,0.017857142857142856,1
An_Tánga_saka_an_Tinapay___Central_Bikol-v12022.08.11T023654,0.6409638554216868,2.1060240963855423,1.7903614457831325,1.5951807228915662,0.9614457831325302,0.4650602409638554,0.3542168674698795,0.28674698795180725,0.4867469879518072,0.10120481927710843,0.02650602409638554,1
An_Ulod_na_Nakaistar_sa_Samuyang_Hardin___Central_Bikol,0.6556016597510373,2.1784232365145226,1.7219917012448134,1.6929460580912863,0.991701244813278,0.5269709543568465,0.36099585062240663,0.3278008298755187,0.45643153526970953,0.12448132780082988,0.029045643153526972,1
Baka_Na_May_Sarong_Sungay___Central_Bikol,0.5882352941176471,2.235294117647059,1.8823529411764706,1.7647058823529411,1.1176470588235294,0.5294117647058824,0.47058823529411764,0.17647058823529413,0.23529411764705882,0.0,0.0,1
Chichi__Munu__Maliputon!___Central_Bikol,0.3744075829383886,1.853080568720379,1.6492890995260663,1.2654028436018958,0.8151658767772512,0.2843601895734597,0.26540284360189575,0.13270142180094788,0.24170616113744076,0.052132701421800945,0.004739336492890996,1
Dae_Ako_Takot_sa_Uran___Central_Bikol,0.5671641791044776,1.9800995024875623,1.4577114427860696,1.4228855721393034,0.7661691542288557,0.3880597014925373,0.24875621890547264,0.24875621890547264,0.3880597014925373,0.08955223880597014,0.03980099502487562,1
Dakulaon_Sadiyuton___Central_Bikol,0.31,2.005,1.825,1.315,0.785,0.25,0.18,0.15,0.21,0.015,0.0,1
Gusto_ni_Nin_na_Masanlian___Central_Bikol,0.3716475095785441,2.111111111111111,1.8697318007662835,1.5363984674329503,0.9348659003831418,0.32950191570881227,0.30268199233716475,0.1724137931034483,0.27586206896551724,0.01532567049808429,0.0,1
Hain_si_Bonta____Central_Bikol-v12022.08.11T090810,0.630057803468208,1.953757225433526,1.5375722543352601,1.4104046242774566,0.8034682080924855,0.4913294797687861,0.34104046242774566,0.21965317919075145,0.4161849710982659,0.07514450867052024,0.005780346820809248,1
Hardin_nin_Burak____Central_Bikol,0.5020408163265306,2.0040816326530613,1.6408163265306122,1.506122448979592,0.8653061224489796,0.4489795918367347,0.37142857142857144,0.23265306122448978,0.3224489795918367,0.08571428571428572,0.04081632653061224,1
Ini_an_sakuyang_Hawak___Central_Bikol-v12022.08.26T013856,0.5726872246696035,2.0088105726872247,1.6255506607929515,1.52863436123348,0.8281938325991189,0.5198237885462555,0.3392070484581498,0.1277533039647577,0.2422907488986784,0.022026431718061675,0.004405286343612335,1
Insekto_sa_Sakong_Lugar___Central_Bikol,0.7134146341463414,2.0792682926829267,1.701219512195122,1.548780487804878,0.9024390243902439,0.5792682926829268,0.39634146341463417,0.31097560975609756,0.4695121951219512,0.14634146341463414,0.036585365853658534,1
Ipahiling_asin_Iistorya___Central_Bikol,0.3538812785388128,2.047945205479452,1.7876712328767124,1.321917808219178,0.8264840182648402,0.2831050228310502,0.21689497716894976,0.1506849315068493,0.273972602739726,0.05251141552511415,0.0,1
Iskedyul_ni_Momo___Central_Bikol,0.3300970873786408,2.0097087378640777,1.6893203883495145,1.4368932038834952,0.912621359223301,0.2912621359223301,0.21359223300970873,0.17475728155339806,0.2815533980582524,0.04854368932038835,0.009708737864077669,1
Kolor___Central_Bikol,0.5675675675675675,1.5810810810810811,1.2297297297297298,1.2837837837837838,0.6891891891891891,0.2702702702702703,0.2702702702702703,0.13513513513513514,0.3108108108108108,0.0945945945945946,0.0,1
Kun_Harayo_si_Mama___Central_Bikol,0.6026666666666667,1.8426666666666667,1.5146666666666666,1.3893333333333333,0.8133333333333334,0.3973333333333333,0.30133333333333334,0.216,0.312,0.06933333333333333,0.018666666666666668,1
Kurong_asin_Tanos___Central_Bikol,0.4811320754716981,1.679245283018868,1.5566037735849056,1.1415094339622642,0.7452830188679245,0.37735849056603776,0.3490566037735849,0.09433962264150944,0.33962264150943394,0.04716981132075472,0.018867924528301886,1
Magagayon_na_Hayop_sa_Tubig___Central_Bikol-v12022.08.26T024250,0.7624309392265194,1.9668508287292819,1.4972375690607735,1.4640883977900552,0.7900552486187845,0.574585635359116,0.3149171270718232,0.2983425414364641,0.4585635359116022,0.1712707182320442,0.022099447513812154,1
Magbilang_Kita_nin_Bitis___Bikol_Central-v12022.08.11T095957,0.528169014084507,1.9507042253521127,1.4788732394366197,1.6126760563380282,0.8591549295774648,0.38028169014084506,0.2323943661971831,0.22535211267605634,0.3380281690140845,0.06338028169014084,0.007042253521126761,1
Magbilang_nin_Sabay___Central_Bikol-v12022.08.25T061128,0.3524904214559387,1.9885057471264367,1.5555555555555556,1.3409961685823755,0.7126436781609196,0.31800766283524906,0.21839080459770116,0.14942528735632185,0.21455938697318008,0.02681992337164751,0.007662835249042145,1
Magbirilang_Kita!___Bikol_Central-v12022.08.11T100425,0.7339449541284404,2.091743119266055,1.6238532110091743,1.6972477064220184,0.908256880733945,0.5412844036697247,0.3761467889908257,0.29357798165137616,0.41284403669724773,0.09174311926605505,0.009174311926605505,1
Magtarabangan_Kita___Central_Bikol,0.45528455284552843,1.9593495934959348,1.829268292682927,1.4878048780487805,1.016260162601626,0.42276422764227645,0.37398373983739835,0.21138211382113822,0.34959349593495936,0.04065040650406504,0.0,1
Mga_Kagamitan_Para_aa_Pag-uma___Central_Bikol,0.14754098360655737,1.9672131147540983,1.7622950819672132,1.4836065573770492,0.8934426229508197,0.08196721311475409,0.07377049180327869,0.09836065573770492,0.13114754098360656,0.00819672131147541,0.0,1
Mga_Kulay_nin_Kinaban!___Central_Bikol-v12022.08.26T020850,0.39705882352941174,2.0784313725490198,1.8970588235294117,1.5931372549019607,0.9705882352941176,0.3627450980392157,0.3333333333333333,0.14705882352941177,0.19607843137254902,0.05392156862745098,0.0,1
Naaraman_Ko___Central_Bikol,0.576271186440678,2.406779661016949,2.0,1.88135593220339,1.0677966101694916,0.4915254237288136,0.423728813559322,0.2542372881355932,0.3389830508474576,0.06779661016949153,0.01694915254237288,1
Nagkakarantang_Bayong_ni_Bounthy___Central_Bikol-v12022.08.26T013423,0.6173469387755102,2.122448979591837,1.8010204081632653,1.5051020408163265,0.8418367346938775,0.5663265306122449,0.39285714285714285,0.1683673469387755,0.29591836734693877,0.025510204081632654,0.0,1
Naglalakaw-lakaw_sa_Hardin____Central_Bikol,0.45517241379310347,1.9379310344827587,1.6551724137931034,1.3172413793103448,0.8068965517241379,0.33793103448275863,0.33793103448275863,0.13793103448275862,0.2620689655172414,0.06206896551724138,0.0,1
Oras_na_para_Magkarigos_Bonoy_asin_Noboy___Central_Bikol,0.15859030837004406,1.7973568281938326,1.5814977973568283,1.4052863436123348,0.8325991189427313,0.1277533039647577,0.1145374449339207,0.0881057268722467,0.1277533039647577,0.013215859030837005,0.0,1
Paduman_sa_eskwelahan___Central_Bikol,0.6190476190476191,2.108843537414966,1.816326530612245,1.5850340136054422,1.0,0.5918367346938775,0.42857142857142855,0.24489795918367346,0.4217687074829932,0.1292517006802721,0.0,1
Pagtabang_sa_Gamgam___Central_Bikol,0.42953020134228187,2.087248322147651,1.7114093959731544,1.5906040268456376,0.9194630872483222,0.3624161073825503,0.28187919463087246,0.2080536912751678,0.2550335570469799,0.04697986577181208,0.0,1
Pano_Nakua_kan_mga_Insekto_an_Saindang_Kolor____Central_Bikol,0.5058479532163743,1.9619883040935673,1.5935672514619883,1.4415204678362572,0.8304093567251462,0.40058479532163743,0.30409356725146197,0.19298245614035087,0.3216374269005848,0.07017543859649122,0.005847953216374269,1
Sarong_Aldaw_sa_Karnibal___Central_Bikol,0.4972067039106145,2.0670391061452515,1.905027932960894,1.5251396648044693,0.994413407821229,0.45251396648044695,0.3743016759776536,0.1787709497206704,0.2681564245810056,0.03910614525139665,0.0111731843575419,1
Siisay_an_Aking_Iyan____Central_Bikol,0.31521739130434784,1.7717391304347827,1.315217391304348,1.4021739130434783,0.7391304347826086,0.25,0.25,0.07608695652173914,0.13043478260869565,0.0,0.0,1
Siisay_an_Matabang_Sako____Central_Bikol-v12022.08.09T030145,0.5590062111801242,2.0,1.6273291925465838,1.5279503105590062,0.8571428571428571,0.39751552795031053,0.2732919254658385,0.2236024844720497,0.37267080745341613,0.07453416149068323,0.006211180124223602,1
Si_Goma_Daw_Ito____Central_Bikol,0.18309859154929578,1.7605633802816902,1.3661971830985915,1.0985915492957747,0.5915492957746479,0.16901408450704225,0.056338028169014086,0.04225352112676056,0.07042253521126761,0.014084507042253521,0.0,1
Si_Navy_saka_si_Bora___Bikol_Central-v12022.08.09T032658,0.6507936507936508,2.0317460317460316,1.619047619047619,1.5634920634920635,0.8650793650793651,0.47619047619047616,0.29365079365079366,0.25396825396825395,0.373015873015873,0.09523809523809523,0.023809523809523808,1
Si_Putu_asin_Gutu___Central_Bikol,0.47368421052631576,2.0736842105263156,2.0,1.5052631578947369,1.0947368421052632,0.45263157894736844,0.35789473684210527,0.18947368421052632,0.3157894736842105,0.11578947368421053,0.0,1
Si_Tata_saka_si_Toto___Central_Bikol-v12022.08.09T032212,0.4231974921630094,2.09717868338558,1.7210031347962382,1.542319749216301,0.8746081504702194,0.335423197492163,0.219435736677116,0.19435736677115986,0.2946708463949843,0.05642633228840126,0.003134796238244514,1
Tabangan_an_Ina___Central_Bikol,0.532319391634981,1.9695817490494296,1.5741444866920151,1.414448669201521,0.8403041825095057,0.45627376425855515,0.33460076045627374,0.2509505703422053,0.34980988593155893,0.07224334600760456,0.011406844106463879,1
Trabaho___Central_Bikol,0.4306569343065693,1.9708029197080292,1.7591240875912408,1.4233576642335766,0.9343065693430657,0.3722627737226277,0.34306569343065696,0.10948905109489052,0.1678832116788321,0.029197080291970802,0.014598540145985401,1
Ukay_asin_Batag___Central_Bikol,0.4199134199134199,2.012987012987013,1.722943722943723,1.5021645021645023,0.8614718614718615,0.3463203463203463,0.27705627705627706,0.15584415584415584,0.29004329004329005,0.017316017316017316,0.0,1
Uya_na_si_Buboy!___Central_Bikol,0.2857142857142857,1.978021978021978,1.7802197802197801,1.4285714285714286,0.8791208791208791,0.1978021978021978,0.1978021978021978,0.08791208791208792,0.17582417582417584,0.0,0.0,1
Aninipot___Central_Bikol-v12022.08.11T033204,0.6511627906976745,2.1488372093023256,1.7744186046511627,1.6418604651162791,0.958139534883721,0.49767441860465117,0.37209302325581395,0.2627906976744186,0.4720930232558139,0.08604651162790698,0.020930232558139535,2
An_Blokeng_may_Madyik___Central_Bikol-v12022.08.10T005241,0.487279843444227,1.949119373776908,1.6027397260273972,1.4833659491193738,0.8610567514677103,0.33659491193737767,0.26810176125244617,0.22700587084148727,0.3561643835616438,0.0547945205479452,0.003913894324853229,2
An_Lugar_kan_mga_Rosas___Central_Bikol-v12022.08.10T031456,0.5289017341040463,2.0289017341040463,1.7196531791907514,1.510115606936416,0.869942196531792,0.3829479768786127,0.31213872832369943,0.1907514450867052,0.38439306358381503,0.05057803468208093,0.001445086705202312,2
An_Makangangalas_na_mga_Makina_ni_Ammachi___Central_Bikol-v12022.08.11T001629,0.5679442508710801,2.0452961672473866,1.6585365853658536,1.4634146341463414,0.8327526132404182,0.4076655052264808,0.2857142857142857,0.2508710801393728,0.42160278745644597,0.10452961672473868,0.006968641114982578,2
An_Sakong_Kapamilya___Central_Bikol,0.3783783783783784,1.8558558558558558,1.545045045045045,1.364864864864865,0.7297297297297297,0.35585585585585583,0.2927927927927928,0.13513513513513514,0.18018018018018017,0.04054054054054054,0.018018018018018018,2
An_sakuyang_Ugos_na_Amiga___Central_Bikol,0.3333333333333333,2.210526315789474,1.8771929824561404,1.5614035087719298,0.9473684210526315,0.2894736842105263,0.21052631578947367,0.10526315789473684,0.20175438596491227,0.02631578947368421,0.0,2
COVIBOOK___Central_Bikol-v12022.08.11T035702,0.5407608695652174,2.1630434782608696,1.828804347826087,1.6440217391304348,0.9891304347826086,0.4375,0.3532608695652174,0.25815217391304346,0.38315217391304346,0.059782608695652176,0.010869565217391304,2
Cube_na_Ikos_Cone_na_Ikos___Central_Bikol-v12022.08.11T051439,0.6310679611650486,2.0,1.616504854368932,1.529126213592233,0.883495145631068,0.4223300970873786,0.2912621359223301,0.2961165048543689,0.4223300970873786,0.10194174757281553,0.014563106796116505,2
Dai_Pagbagtingon_an_Kampana!___Central_Bikol-v12022.08.11T083246,0.5754060324825986,2.183294663573086,1.839907192575406,1.6334106728538282,0.9860788863109049,0.4733178654292343,0.3433874709976798,0.2877030162412993,0.40835266821345706,0.09048723897911833,0.002320185614849188,2
Kan_Aldaw_na_Nag-uran_nin_mga_Sira___Central_Bikol-v12022.08.11T095613,0.5606936416184971,2.101156069364162,1.7861271676300579,1.5520231213872833,0.9335260115606936,0.4508670520231214,0.3554913294797688,0.24277456647398843,0.41329479768786126,0.05202312138728324,0.008670520231213872,2
Kaya_Asin_Dai_Kaya____Central_Bikol,0.4567901234567901,2.0,1.5679012345679013,1.4938271604938271,0.9629629629629629,0.4567901234567901,0.35802469135802467,0.2222222222222222,0.32098765432098764,0.07407407407407407,0.012345679012345678,2
Magigibo_man_Iyan_ni_Duma!___Central_Bikol-v12022.08.11T101435,0.40514469453376206,2.080385852090032,1.7266881028938907,1.5112540192926045,0.8617363344051447,0.3086816720257235,0.21864951768488747,0.17363344051446947,0.2829581993569132,0.04501607717041801,0.003215434083601286,2
Magtingag_Ka___Central_Bikol-v12022.08.11T102143,0.48695652173913045,2.1652173913043478,1.7942028985507246,1.6608695652173913,0.9246376811594202,0.3855072463768116,0.2782608695652174,0.18840579710144928,0.3217391304347826,0.05507246376811594,0.002898550724637681,2
Maniwala_Ka_Saro_akong_Kuneho___Central_Bikol,0.4420485175202156,2.115902964959569,1.876010781671159,1.5390835579514826,0.9649595687331537,0.33962264150943394,0.2830188679245283,0.19946091644204852,0.3018867924528302,0.05660377358490566,0.008086253369272238,2
May_Kapareho_Kaya_Ako____Bikol_Central-v12022.08.12T015411,0.4630541871921182,2.0788177339901477,1.6748768472906403,1.522167487684729,0.8275862068965517,0.35960591133004927,0.24630541871921183,0.1724137931034483,0.270935960591133,0.04433497536945813,0.0049261083743842365,2
Mga_Nawawara_asin_Mga_Nahahanap___Central_Bikol,0.3163841807909605,1.88135593220339,1.6610169491525424,1.2937853107344632,0.7796610169491526,0.2768361581920904,0.22598870056497175,0.1016949152542373,0.1807909604519774,0.011299435028248588,0.0,2
Mr._Spout___Central_Bikol-v12022.08.12T020737,0.5441595441595442,2.0284900284900287,1.6951566951566952,1.5356125356125356,0.8689458689458689,0.3333333333333333,0.24786324786324787,0.21082621082621084,0.35327635327635326,0.07977207977207977,0.008547008547008548,2
Nakakahiling_Akong_Malinaw___Central_Bikol-v12022.09.16T142620,0.36904761904761907,1.9702380952380953,1.6964285714285714,1.494047619047619,0.9047619047619048,0.3273809523809524,0.2916666666666667,0.10714285714285714,0.18452380952380953,0.03571428571428571,0.005952380952380952,2
Napapasain_an_mga_Naiisip_Ko____Central_Bikol-v12022.08.13T061054,0.5347222222222222,2.1458333333333335,1.8055555555555556,1.6527777777777777,1.0104166666666667,0.4131944444444444,0.3402777777777778,0.24305555555555555,0.3958333333333333,0.041666666666666664,0.006944444444444444,2
Ngiyaw!_Ngiyaw!___Central_Bikol-v12022.08.13T062610,0.5947368421052631,2.1280701754385967,1.8596491228070176,1.6157894736842104,0.987719298245614,0.42105263157894735,0.3175438596491228,0.30701754385964913,0.4631578947368421,0.08421052631578947,0.02280701754385965,2
Pag_Nag-uran___Central_Bikol-v12022.08.13T064530,0.5409836065573771,2.069672131147541,1.7049180327868851,1.6557377049180328,0.9221311475409836,0.4180327868852459,0.3114754098360656,0.22131147540983606,0.32786885245901637,0.06147540983606557,0.012295081967213115,2
Pàno_Kun...____Central_Bikol-v12022.08.09T060756,0.5967741935483871,1.971774193548387,1.6491935483870968,1.4435483870967742,0.8588709677419355,0.4112903225806452,0.3024193548387097,0.23387096774193547,0.41935483870967744,0.07258064516129033,0.008064516129032258,2
Rudi___Bikol_Central-v12022.08.09T053328,0.5392156862745098,2.1470588235294117,1.7058823529411764,1.5686274509803921,0.8431372549019608,0.4166666666666667,0.2696078431372549,0.20098039215686275,0.3480392156862745,0.06862745098039216,0.00980392156862745,2
Sabi_ni_Inay___Central_Bikol,0.3858267716535433,1.8503937007874016,1.5905511811023623,1.204724409448819,0.7480314960629921,0.30708661417322836,0.29133858267716534,0.09448818897637795,0.1732283464566929,0.0,0.0,2
Sarawayon_na_Ido___Central_Bikol,0.3764705882352941,2.0647058823529414,1.7647058823529411,1.3823529411764706,0.8058823529411765,0.34705882352941175,0.3235294117647059,0.12352941176470589,0.2823529411764706,0.023529411764705882,0.0,2
Sarong_Marhay_na_Katuod___Central_Bikol-v12022.08.09T052723,0.5647668393782384,2.1528497409326426,1.854922279792746,1.6839378238341969,1.0310880829015545,0.43005181347150256,0.33678756476683935,0.2616580310880829,0.3911917098445596,0.08290155440414508,0.0025906735751295338,2
Takot_Ako___Central_Bikol,0.35,2.023076923076923,1.6538461538461537,1.3269230769230769,0.7461538461538462,0.2923076923076923,0.21923076923076923,0.13076923076923078,0.25,0.023076923076923078,0.0,2
Aldaw_saka_Banggi___Central_Bikol-v12022.08.26T020743,0.4693140794223827,2.1335740072202167,1.7075812274368232,1.5270758122743682,0.927797833935018,0.4368231046931408,0.3176895306859206,0.2743682310469314,0.37184115523465705,0.07581227436823104,0.02527075812274368,3
Ang_Apat_na_Pagpabakuna_kan_Aki_na_si_Rani___Central_Bikol-v12022.08.26T021851,0.3584905660377358,1.9924528301886792,1.6905660377358491,1.3037735849056604,0.7396226415094339,0.30943396226415093,0.21320754716981133,0.11886792452830189,0.20566037735849058,0.018867924528301886,0.0018867924528301887,3
Ang_Magbabarkda_sa_Kadlagan___Central_Bikol,0.4096109839816934,2.0983981693363845,1.8649885583524028,1.5583524027459954,0.9794050343249427,0.3340961098398169,0.28604118993135014,0.16704805491990846,0.28832951945080093,0.02517162471395881,0.0,3
Ang_Matatakoton_Na_Tren___Central_Bikol,0.3203732503888025,2.032659409020218,1.7309486780715397,1.4183514774494557,0.8398133748055988,0.2534992223950233,0.20373250388802489,0.12597200622083982,0.2208398133748056,0.027993779160186624,0.0015552099533437014,3
Ang_Siyentista__Doktor_Firdausi_Qadri___Central_Bikol,0.5831622176591376,2.166324435318275,1.8583162217659137,1.5831622176591376,0.9425051334702259,0.47433264887063653,0.3655030800821355,0.22176591375770022,0.406570841889117,0.06570841889117043,0.004106776180698152,3
Aninipot_Ano_an_Igwa_Ka____Central_Bikol,0.35555555555555557,2.0833333333333335,1.7666666666666666,1.6388888888888888,0.9166666666666666,0.3277777777777778,0.25,0.14444444444444443,0.23333333333333334,0.03888888888888889,0.011111111111111112,3
An_Agom_kan_Parauma___Central_Bikol,0.4211076280041797,2.1410658307210033,1.7784743991640544,1.5914315569487982,0.9696969696969697,0.36363636363636365,0.290491118077325,0.219435736677116,0.3396029258098224,0.0438871473354232,0.008359456635318705,3
An_Aldaw_na_Nagpaeskwelahan_an_mga_Kagulayan.___Central_Bikol,0.5833333333333334,2.1666666666666665,1.6666666666666667,1.6666666666666667,0.8333333333333334,0.5,0.25,0.25,0.5,0.08333333333333333,0.08333333333333333,3
An_Amid_asin_an_Sadit_na_Baka___Central_Bikol,0.3605577689243028,2.1175298804780875,1.8864541832669324,1.549800796812749,0.9442231075697212,0.3187250996015936,0.2788844621513944,0.1952191235059761,0.27091633466135456,0.01593625498007968,0.00796812749003984,3
An_Bagong_Pantalon_para_sa_Bagong_Taon___Central_Bikol,0.3953488372093023,1.998062015503876,1.7771317829457365,1.4534883720930232,0.9244186046511628,0.28875968992248063,0.2558139534883721,0.17635658914728683,0.25775193798449614,0.03294573643410853,0.001937984496124031,3
An_Enot_na_Aldaw_ni_Tata_sa_Eskwela___Central_Bikol,0.49034749034749037,2.2104247104247103,1.9305019305019304,1.6602316602316602,1.0444015444015444,0.4266409266409266,0.35714285714285715,0.21814671814671815,0.33976833976833976,0.05405405405405406,0.005791505791505791,3
An_Higanteng_Bentilador___Central_Bikol-v12022.08.10T020404,0.4691848906560636,1.9860834990059641,1.6978131212723657,1.5487077534791251,0.94831013916501,0.3836978131212724,0.31610337972166996,0.1988071570576541,0.30417495029821073,0.04771371769383698,0.0019880715705765406,3
An_Ikos_asin_Ayam_Nakakanuod_uro_Aldaw____Central_Bikol-v12022.08.25T072533,0.4010791366906475,2.102517985611511,1.723021582733813,1.606115107913669,0.9406474820143885,0.36330935251798563,0.25359712230215825,0.18705035971223022,0.28776978417266186,0.0539568345323741,0.0017985611510791368,3
An_Inot_na_Katuod_ni_Iko___Central_Bikol-v12022.07.13T023307,0.4470868014268728,2.116527942925089,1.7526753864447087,1.50653983353151,0.8501783590963139,0.356718192627824,0.262782401902497,0.1985731272294887,0.3281807372175981,0.05826397146254459,0.007134363852556481,3
An_Kuneho_asin_an_Baoo_(Na_naman!)___Central_Bikol,0.3496932515337423,2.1247443762781186,1.7955010224948875,1.5378323108384457,0.9406952965235174,0.32515337423312884,0.25971370143149286,0.13701431492842536,0.2331288343558282,0.044989775051124746,0.0,3
An_Madunong_na_Kuneho___Central_Bikol,0.39601769911504425,2.1415929203539825,1.8628318584070795,1.6238938053097345,0.9646017699115044,0.33185840707964603,0.2809734513274336,0.15486725663716813,0.24778761061946902,0.05088495575221239,0.0022123893805309734,3
An_Makangangalas_na_Eksperimento_ni_Anna___Central_Bikol,0.49789621318373073,2.115007012622721,1.8008415147265078,1.5007012622720897,0.8976157082748948,0.4361851332398317,0.3071528751753156,0.17952314165497896,0.3450210378681627,0.05890603085553997,0.011220196353436185,3
An_Mensahe_sa_Basud___Central_Bikol,0.4009111617312073,2.123006833712984,1.7517084282460136,1.5922551252847381,0.8997722095671982,0.33940774487471526,0.27107061503416857,0.17312072892938496,0.2619589977220957,0.04328018223234624,0.011389521640091117,3
An_Mga_Ulod_sa_Naglalayog_na_Gapo___Central_Bikol-v12022.05.13T024855,0.5220125786163522,2.0283018867924527,1.6761006289308176,1.4737945492662474,0.8406708595387841,0.3972746331236897,0.2966457023060797,0.19916142557651992,0.3731656184486373,0.05345911949685535,0.0041928721174004195,3
An_Misteryosong_Kawatan___Central_Bikol,0.4109375,2.03125,1.80625,1.475,0.9296875,0.353125,0.30625,0.1796875,0.275,0.0328125,0.0046875,3
An_Motor_ni_Didi___Central_Bikol,0.37218045112781956,2.1165413533834587,1.8721804511278195,1.556390977443609,0.924812030075188,0.33458646616541354,0.30451127819548873,0.15413533834586465,0.23684210526315788,0.022556390977443608,0.007518796992481203,3
An_Paghalat_ni_Islaw_sa_Bulalakaw___Central_Bikol-v12022.05.13T025228,0.586527293844367,2.061556329849013,1.721254355400697,1.519163763066202,0.9094076655052264,0.4413472706155633,0.32171893147502906,0.26480836236933797,0.4099883855981417,0.08478513356562137,0.005807200929152149,3
An_Referee__Zaya_Chakma___Central_Bikol,0.496,2.26,1.924,1.718,1.028,0.446,0.336,0.234,0.306,0.076,0.01,3
An_Sadit_na_Rhino_Asin_an_Halangkawon_na_Bisikleta___Central_Bikol,0.39465875370919884,2.083086053412463,1.771513353115727,1.5637982195845697,0.913946587537092,0.3115727002967359,0.24925816023738873,0.21068249258160238,0.2878338278931751,0.008902077151335312,0.002967359050445104,3
An_Takot_ni_Koneyo___Central_Bikol,0.39087947882736157,2.0879478827361564,1.8827361563517915,1.5602605863192183,0.9543973941368078,0.36156351791530944,0.2964169381107492,0.18892508143322476,0.247557003257329,0.06188925081433225,0.019543973941368076,3
Ate__Ate_Tano_Dae_Nahuhulog_an_mga_Bagay_Paitaas____Central_Bikol,0.28920741989881954,1.9713322091062395,1.6989881956155144,1.376053962900506,0.7892074198988196,0.23018549747048903,0.20320404721753793,0.09190556492411467,0.18549747048903878,0.025295109612141653,0.0042158516020236085,3
Emma___Central_Bikol-v12022.08.11T084550,0.5862785862785863,2.1600831600831603,1.8212058212058213,1.607068607068607,0.9459459459459459,0.4781704781704782,0.3201663201663202,0.2390852390852391,0.4365904365904366,0.079002079002079,0.002079002079002079,3
Gurano_Kagabat_an_Magabat____Central_Bikol-v12022.08.11T090318,0.3624878522837707,1.8921282798833818,1.5937803692905734,1.444120505344995,0.8483965014577259,0.26724975704567544,0.20602526724975703,0.13313896987366375,0.22837706511175898,0.043731778425655975,0.0029154518950437317,3
Harong_Ko_Ba_Ini____Central_Bikol,0.36834733893557425,2.0294117647058822,1.7549019607843137,1.4943977591036415,0.8585434173669467,0.3235294117647059,0.29411764705882354,0.12324929971988796,0.19047619047619047,0.025210084033613446,0.0056022408963585435,3
Kan_Magturaok_si_Inok___Central_Bikol-v12022.05.13T000407,0.5261146496815287,2.245859872611465,1.8114649681528663,1.5732484076433122,0.9044585987261147,0.4152866242038217,0.30828025477707005,0.22802547770700637,0.40254777070063696,0.05987261146496815,0.005095541401273885,3
Kilingling___Central_Bikol-v12022.05.17T103928,0.6274725274725275,2.1252747252747253,1.810989010989011,1.597802197802198,0.9912087912087912,0.5131868131868131,0.41098901098901097,0.2802197802197802,0.43956043956043955,0.1087912087912088,0.005494505494505495,3
Kurakog_Kataning_sa_Pagturog___Central_Bikol-v12022.05.13T024430,0.5575980392156863,2.1519607843137254,1.7990196078431373,1.6654411764705883,0.9497549019607843,0.4387254901960784,0.31004901960784315,0.23529411764705882,0.40808823529411764,0.07598039215686274,0.004901960784313725,3
Mamuhay_na_may_Pagkasararo___Central_Bikol,0.5194508009153318,2.1876430205949657,1.8443935926773456,1.6750572082379862,0.9427917620137299,0.4462242562929062,0.36613272311212813,0.19221967963386727,0.33638443935926776,0.07551487414187644,0.013729977116704805,3
Matinabang_na_Gamgam___Central_Bikol-v12022.08.11T103641,0.5204081632653061,2.036734693877551,1.7714285714285714,1.5653061224489795,0.9530612244897959,0.373469387755102,0.31020408163265306,0.22653061224489796,0.3673469387755102,0.04285714285714286,0.0020408163265306124,3
Nagsabay_sa_Bulos_An_Ikus_Asin_Ayam___Central_Bikol,0.3631578947368421,2.245614035087719,1.9105263157894736,1.7771929824561403,1.0403508771929824,0.3298245614035088,0.28421052631578947,0.1649122807017544,0.24736842105263157,0.03508771929824561,0.0035087719298245615,3
Nagtabsong_si_Tiny___Central_Bikol-v12022.08.12T021739,0.55741127348643,2.0062630480167014,1.6847599164926932,1.4801670146137786,0.8622129436325678,0.4112734864300626,0.3068893528183716,0.2150313152400835,0.3757828810020877,0.07933194154488518,0.0041753653444676405,3
Nagtinir_si_Thu_Ta_sa_Harong___Central_Bikol,0.3640256959314775,1.967880085653105,1.721627408993576,1.2312633832976445,0.7558886509635975,0.2633832976445396,0.22055674518201285,0.09207708779443255,0.23768736616702354,0.023554603854389723,0.004282655246252677,3
Nakangirit_Ngunyan_si_Phoe_Tar_Lay___Central_Bikol-v12022.08.12T031715,0.5414438502673797,1.9184491978609626,1.624331550802139,1.2967914438502675,0.820855614973262,0.3783422459893048,0.29411764705882354,0.21122994652406418,0.4144385026737968,0.06818181818181818,0.00267379679144385,3
Paduman_sa_Isla_Para_sa_Pagturuparan___Central_Bikol,0.3969849246231156,2.2311557788944723,1.882747068676717,1.5226130653266332,0.9212730318257957,0.33500837520938026,0.2663316582914573,0.1507537688442211,0.3132328308207705,0.035175879396984924,0.0016750418760469012,3
Pamaba___Central_Bikol-v12022.05.13T030426,0.4619450317124736,2.0021141649048624,1.715644820295983,1.4397463002114166,0.8699788583509513,0.35517970401691334,0.2653276955602537,0.20930232558139536,0.33403805496828753,0.06025369978858351,0.004228329809725159,3
Pano_Nakakalupad_an_mga_Eroplano____Central_Bikol,0.49739311783107404,2.1929092805005213,1.8800834202294057,1.7007299270072993,1.0563086548488008,0.4233576642335766,0.3587069864442127,0.2523461939520334,0.3920750782064651,0.047966631908237745,0.014598540145985401,3
Pàno_Kun____Central_Bikol-v12021.04.26T083928,0.3791469194312796,1.985781990521327,1.7014218009478672,1.4265402843601895,0.8104265402843602,0.2843601895734597,0.23696682464454977,0.15639810426540285,0.2890995260663507,0.0,0.0,3
Satya_Maglikay!___Central_Bikol,0.3458498023715415,2.0711462450592886,1.8517786561264822,1.4940711462450593,0.950592885375494,0.2826086956521739,0.23517786561264822,0.1324110671936759,0.25296442687747034,0.03557312252964427,0.0,3
Sisay_Ang_Samong_Amigo____Central_Bikol,0.4298245614035088,1.956140350877193,1.6929824561403508,1.394736842105263,0.7719298245614035,0.35964912280701755,0.2807017543859649,0.06140350877192982,0.14035087719298245,0.008771929824561403,0.0,3
Si_Carla_saka_an_Nawawarang_Kuting___Central_Bikol,0.3662551440329218,1.9300411522633745,1.7078189300411524,1.4074074074074074,0.8189300411522634,0.32510288065843623,0.3004115226337449,0.06995884773662552,0.1934156378600823,0.012345679012345678,0.00411522633744856,3
Si_Daisy_na_Makangangalas___Central_Bikol-v12022.08.26T021723,0.4942857142857143,2.145714285714286,1.8085714285714285,1.6,0.9085714285714286,0.43714285714285717,0.30857142857142855,0.22,0.3,0.02857142857142857,0.002857142857142857,3
Si_Danny_saka_Si_Carlo___Central_Bikol,0.4672686230248307,1.979683972911964,1.7697516930022574,1.4266365688487586,0.8781038374717833,0.4040632054176072,0.36794582392776526,0.12189616252821671,0.2979683972911964,0.033860045146726865,0.004514672686230248,3
Si_Ikos_asin_Si_Ido_asin_an_saindang_pintang_Hablon_Dawani___Central_Bikol,0.36515151515151517,1.9318181818181819,1.5954545454545455,1.3818181818181818,0.8560606060606061,0.3212121212121212,0.2545454545454545,0.1590909090909091,0.2803030303030303,0.05606060606060606,0.0030303030303030303,3
Si_Ikos_saka_Ayam_nagkawat_nin_Soccer___Central_Bikol,0.3283582089552239,2.078358208955224,1.7537313432835822,1.544776119402985,0.9477611940298507,0.2873134328358209,0.24253731343283583,0.16417910447761194,0.2332089552238806,0.04291044776119403,0.007462686567164179,3
Si_Labsay_kan_Dakulang_Bukid___Central_Bikol-v12022.05.13T025635,0.458295142071494,2.082493125572869,1.7864344637946838,1.5728689275893675,0.919340054995417,0.3721356553620532,0.28689275893675525,0.20989917506874428,0.32172318973418884,0.05957836846929423,0.0036663611365719525,3
Si_Mimay_asin_an_Saiyang_Lalong___Central_Bikol,0.3669201520912547,1.9980988593155893,1.714828897338403,1.4315589353612168,0.8269961977186312,0.31749049429657794,0.2661596958174905,0.11977186311787072,0.2224334600760456,0.034220532319391636,0.0038022813688212928,3
Talsot_na_Ikos_si_Moli___Central_Bikol-v12022.08.25T040349,0.3218390804597701,2.0268199233716473,1.7950191570881227,1.4444444444444444,0.8850574712643678,0.28160919540229884,0.23754789272030652,0.1417624521072797,0.20881226053639848,0.019157088122605363,0.0,3
The_Factory_Worker___Central_Bikol,0.5137614678899083,2.1055045871559632,1.848623853211009,1.5091743119266054,0.9357798165137615,0.4013761467889908,0.31422018348623854,0.22018348623853212,0.4151376146788991,0.05733944954128441,0.0,3
Tugang_na_Kulang_an_Ngipon___Central_Bikol,0.42314990512333966,2.1005692599620494,1.8216318785578747,1.5673624288425048,0.937381404174573,0.3548387096774194,0.2922201138519924,0.15939278937381404,0.24667931688804554,0.026565464895635674,0.003795066413662239,3
Tulod_Tulod_Dali_Dali___Central_Bikol-v12022.08.25T060922,0.46959459459459457,1.8412162162162162,1.527027027027027,1.260135135135135,0.8243243243243243,0.42567567567567566,0.31756756756756754,0.24324324324324326,0.3310810810810811,0.060810810810810814,0.0,3
