book_title,word_count,sentence_count,phrase_count_per_sentence,average_word_len,average_sentence_len,average_syllable_count,polysyll_count,consonant_cluster_density,v_density,cv_density,vc_density,cvc_density,vcc_density,cvcc_density,ccvc_density,ccv_density,ccvcc_density,ccvccc_density,tagalog_bigram_sim,bikol_bigram_sim,cebuano_bigram_sim,tagalog_trigram_sim,bikol_trigram_sim,cebuano_trigam_sim,grade_level
Akong Higala,95,22,0,4.757894737,4.318181818,2.157894737,0,0.284210526,2.157894737,1.873684211,1.473684211,0.873684211,0.252631579,0.157894737,0.136842105,0.189473684,0.010526316,0,0.698275862,0.681034483,0.706896552,0.304878049,0.215447154,0.280487805,1
Alibangbang ug Kalaw,40,7,0,5.4,5.714285714,2.05,2,0.65,2.05,1.8,1.825,1.05,0.65,0.375,0.15,0.225,0.15,0.025,0.75,0.761363636,0.761363636,0.367647059,0.330882353,0.338235294,1
Amigo Kong Piso,52,13,0,4.75,4,2.153846154,0,0.269230769,2.153846154,1.826923077,1.538461538,0.980769231,0.230769231,0.211538462,0.153846154,0.173076923,0.019230769,0,0.618556701,0.597938144,0.618556701,0.246478873,0.197183099,0.253521127,1
An Akon Pamilya,70,12,0,4.842857143,5.833333333,2.142857143,1,0.285714286,2.142857143,1.785714286,1.685714286,1,0.228571429,0.228571429,0.185714286,0.242857143,0,0,0.743494424,0.713754647,0.732342007,0.32160804,0.281407035,0.336683417,1
Ang  Paypay ni Pipay,29,6,0,4.620689655,4.833333333,1.931034483,0,0.310344828,1.931034483,1.689655172,1.482758621,0.827586207,0.275862069,0.172413793,0.172413793,0.206896552,0,0,0.59047619,0.60952381,0.619047619,0.142857143,0.116883117,0.207792208,1
Ang Adlaw,83,22,1.043478261,5.168674699,3.772727273,2.313253012,3,0.337349398,2.313253012,1.987951807,1.734939759,0.975903614,0.301204819,0.21686747,0.192771084,0.277108434,0.012048193,0,0.736842105,0.769005848,0.798245614,0.33203125,0.296875,0.3515625,1
Ang Akong Alkansiya,28,6,0,4.821428571,4.666666667,2.107142857,0,0.5,2.107142857,1.678571429,1.5,0.892857143,0.5,0.25,0.214285714,0.357142857,0.107142857,0,0.716981132,0.679245283,0.735849057,0.278481013,0.240506329,0.35443038,1
Ang Akong Dulaan,56,10,0,4.589285714,5.6,2.053571429,0,0.339285714,2.053571429,1.553571429,1.517857143,0.75,0.267857143,0.196428571,0.107142857,0.142857143,0.035714286,0,0.625,0.575,0.68,0.268965517,0.262068966,0.337931034,1
Ang Akong Higala,49,5,1.333333333,5.163265306,9.8,2.224489796,2,0.469387755,2.224489796,1.795918367,1.734693878,0.959183673,0.408163265,0.285714286,0.102040816,0.204081633,0.040816327,0,0.665024631,0.679802956,0.689655172,0.303225806,0.303225806,0.361290323,1
Ang Akong Suod Nga Amigo,83,13,0,4.409638554,6.384615385,2.012048193,0,0.337349398,2.012048193,1.578313253,1.34939759,0.759036145,0.240963855,0.180722892,0.156626506,0.204819277,0.024096386,0.012048193,0.667844523,0.674911661,0.667844523,0.293532338,0.213930348,0.298507463,1
Ang Among Pamilya,116,23,1.130434783,5.00862069,5.043478261,2.120689655,2,0.456896552,2.120689655,1.775862069,1.689655172,0.982758621,0.405172414,0.284482759,0.181034483,0.293103448,0.00862069,0,0.713043478,0.682608696,0.756521739,0.292035398,0.230088496,0.315634218,1
Ang Anak ug Amahan,82,14,0,4.817073171,5.857142857,2.158536585,1,0.353658537,2.158536585,1.756097561,1.62195122,0.865853659,0.329268293,0.195121951,0.12195122,0.207317073,0.06097561,0.012195122,0.672025723,0.681672026,0.707395498,0.301310044,0.222707424,0.362445415,1
Ang Baka,112,11,1.090909091,4.3125,10.18181818,1.830357143,0,0.419642857,1.830357143,1.607142857,1.223214286,0.803571429,0.303571429,0.205357143,0.142857143,0.267857143,0,0,0.632432432,0.67027027,0.659459459,0.297297297,0.239382239,0.32046332,1
Ang Baki,104,12,0,4.903846154,8.666666667,2.086538462,4,0.490384615,2.086538462,1.798076923,1.403846154,0.865384615,0.336538462,0.259615385,0.240384615,0.423076923,0.038461538,0,0.602977667,0.612903226,0.64516129,0.31,0.243333333,0.35,1
Ang Bangaw,49,9,0,5.081632653,5.444444444,2.06122449,0,0.510204082,2.06122449,1.734693878,1.755102041,1.020408163,0.428571429,0.244897959,0.204081633,0.285714286,0.020408163,0,0.592964824,0.572864322,0.618090452,0.233333333,0.226666667,0.246666667,1
Ang Bao,32,7,0,4.6875,4.571428571,2.21875,0,0.3125,2.21875,1.78125,1.4375,0.78125,0.28125,0.09375,0.125,0.1875,0,0,0.661016949,0.610169492,0.686440678,0.264367816,0.149425287,0.264367816,1
Ang Bato,31,8,0,5.064516129,3.875,2.35483871,0,0.35483871,2.35483871,1.935483871,1.580645161,0.870967742,0.35483871,0.096774194,0.129032258,0.258064516,0.096774194,0.032258065,0.682539683,0.626984127,0.658730159,0.1875,0.197916667,0.291666667,1
Ang Birthday ni Jennilyn,54,9,1.2,5.444444444,6,2.203703704,3,0.518518519,2.203703704,2.018518519,1.685185185,1.074074074,0.444444444,0.333333333,0.240740741,0.277777778,0.092592593,0.074074074,0.676470588,0.676470588,0.710084034,0.224043716,0.191256831,0.256830601,1
Ang Bitoon,67,9,1.333333333,4.432835821,7.444444444,2.044776119,0,0.328358209,2.044776119,1.567164179,1.328358209,0.656716418,0.223880597,0.104477612,0.059701493,0.164179104,0,0,0.752173913,0.656521739,0.752173913,0.31097561,0.164634146,0.341463415,1
Ang Bola ni Mila,47,7,0,4.446808511,6.714285714,2,1,0.29787234,2,1.765957447,1.340425532,0.872340426,0.234042553,0.14893617,0.127659574,0.170212766,0.021276596,0,0.74691358,0.709876543,0.759259259,0.330434783,0.226086957,0.373913043,1
Ang Buhok,34,7,1.125,4.058823529,4.857142857,1.852941176,0,0.147058824,1.852941176,1.558823529,1.235294118,0.705882353,0.088235294,0.029411765,0.029411765,0.117647059,0.029411765,0,0.495145631,0.495145631,0.553398058,0.144927536,0.101449275,0.173913043,1
Ang Bulak nga Santan,40,7,1.25,4.25,5.714285714,1.75,0,0.35,1.75,1.525,1.25,0.775,0.225,0.2,0.175,0.3,0.025,0,0.584615385,0.576923077,0.669230769,0.22826087,0.152173913,0.293478261,1
Ang Celfon ni Ni√±a,60,10,0,4.166666667,6,1.9,0,0.25,1.9,1.65,1.116666667,0.683333333,0.216666667,0.116666667,0.1,0.15,0.016666667,0,0.704301075,0.73655914,0.720430108,0.301587302,0.238095238,0.325396825,1
Ang Dagat,32,6,0,4.8125,5.333333333,2.125,0,0.4375,2.125,1.6875,1.59375,0.84375,0.4375,0.15625,0.125,0.21875,0.03125,0,0.672131148,0.680327869,0.696721311,0.266666667,0.222222222,0.277777778,1
Ang Dala ni Almaug Mama,31,6,0,4.290322581,5.166666667,2.096774194,0,0.193548387,2.096774194,1.709677419,1.258064516,0.709677419,0.193548387,0.064516129,0.032258065,0.161290323,0,0,0.705882353,0.676470588,0.735294118,0.253521127,0.225352113,0.281690141,1
Ang Dalunggan,79,18,1.052631579,5.518987342,4.388888889,2.291139241,0,0.53164557,2.291139241,2.088607595,1.746835443,1.126582278,0.443037975,0.341772152,0.291139241,0.430379747,0.050632911,0,0.647887324,0.61971831,0.656338028,0.181818182,0.185454545,0.236363636,1
Ang French Fries,60,11,0,4.766666667,5.454545455,2.033333333,0,0.466666667,2.033333333,1.666666667,1.416666667,0.8,0.333333333,0.233333333,0.116666667,0.25,0.05,0.033333333,0.497777778,0.475555556,0.555555556,0.175757576,0.175757576,0.175757576,1
Ang Gasa ni Mama,43,8,0,4.186046512,5.375,1.790697674,0,0.302325581,1.790697674,1.488372093,1.23255814,0.76744186,0.255813953,0.139534884,0.162790698,0.186046512,0,0,0.580882353,0.580882353,0.610294118,0.204301075,0.193548387,0.23655914,1
Ang Gasa,29,6,0,4.448275862,4.833333333,1.896551724,0,0.448275862,1.896551724,1.620689655,1.344827586,0.827586207,0.379310345,0.172413793,0.172413793,0.24137931,0.034482759,0,0.62,0.61,0.64,0.222222222,0.194444444,0.263888889,1
Ang Gatas sa Lata,31,6,0,4.161290323,5.166666667,1.806451613,0,0.225806452,1.806451613,1.580645161,1.290322581,0.774193548,0.193548387,0.064516129,0.064516129,0.064516129,0.032258065,0,0.734693878,0.714285714,0.755102041,0.28358209,0.23880597,0.28358209,1
Ang Hardin Ni Balaraw,228,15,1.5625,4.907894737,15.2,2.092105263,9,0.447368421,2.092105263,1.824561404,1.513157895,0.855263158,0.324561404,0.24122807,0.184210526,0.342105263,0.021929825,0,0.683146067,0.698876404,0.715730337,0.250755287,0.238670695,0.296072508,1
Ang Hardin Ni Hannah,120,18,0,4.466666667,6.666666667,1.891666667,1,0.383333333,1.891666667,1.633333333,1.391666667,0.808333333,0.275,0.2,0.15,0.258333333,0,0,0.722222222,0.712560386,0.765700483,0.285234899,0.224832215,0.342281879,1
Ang Hardin Ni Susan,108,11,1.166666667,4.694444444,9.818181818,2.064814815,1,0.435185185,2.064814815,1.740740741,1.398148148,0.796296296,0.287037037,0.222222222,0.157407407,0.361111111,0.027777778,0,0.626566416,0.636591479,0.691729323,0.307167235,0.276450512,0.351535836,1
Ang Hiniktan ni Islaw,68,11,1.083333333,4.838235294,6.181818182,2.176470588,3,0.382352941,2.176470588,1.735294118,1.588235294,0.823529412,0.264705882,0.132352941,0.176470588,0.294117647,0.014705882,0,0.762645914,0.758754864,0.758754864,0.308108108,0.264864865,0.356756757,1
Ang Iring ni Ling,38,9,0,4.210526316,4.222222222,1.657894737,0,0.526315789,1.657894737,1.315789474,1.315789474,0.789473684,0.473684211,0.342105263,0.105263158,0.131578947,0.026315789,0,0.647540984,0.581967213,0.655737705,0.305882353,0.282352941,0.317647059,1
Ang Iring ni Luming,61,16,0,4.852459016,3.8125,2.016393443,0,0.540983607,2.016393443,1.573770492,1.655737705,0.836065574,0.524590164,0.37704918,0.049180328,0.098360656,0.016393443,0,0.659574468,0.595744681,0.634042553,0.270114943,0.24137931,0.281609195,1
Ang Iro ni Pedro,88,14,0,4.545454545,6.285714286,2.034090909,0,0.386363636,2.034090909,1.625,1.443181818,0.704545455,0.318181818,0.193181818,0.102272727,0.227272727,0.034090909,0.011363636,0.729032258,0.748387097,0.751612903,0.389140271,0.285067873,0.380090498,1
Ang Itoy ni Ikoy,57,10,1.090909091,4.210526316,5.7,1.929824561,1,0.280701754,1.929824561,1.333333333,1.438596491,0.666666667,0.210526316,0.070175439,0.070175439,0.105263158,0.01754386,0,0.699453552,0.628415301,0.721311475,0.277777778,0.222222222,0.26984127,1
Ang Kabaw nga si Kulas,39,8,0,4.358974359,4.875,1.820512821,0,0.307692308,1.820512821,1.58974359,1.41025641,0.794871795,0.230769231,0.102564103,0.128205128,0.153846154,0.025641026,0,0.679389313,0.702290076,0.72519084,0.268817204,0.225806452,0.290322581,1
Ang Kabaw ni lolo,33,7,0,4.393939394,4.714285714,1.939393939,0,0.303030303,1.939393939,1.636363636,1.363636364,0.787878788,0.242424242,0.121212121,0.121212121,0.181818182,0.03030303,0,0.580357143,0.625,0.589285714,0.2,0.1625,0.225,1
Ang Kaka ni Katkat,23,4,0,4.608695652,5.75,1.913043478,0,0.434782609,1.913043478,1.695652174,1.391304348,1,0.347826087,0.217391304,0.304347826,0.304347826,0.043478261,0,0.65060241,0.626506024,0.674698795,0.180327869,0.147540984,0.327868852,1
Ang Kaka ni Tata,26,5,0,4.076923077,5.2,1.846153846,0,0.346153846,1.846153846,1.5,1.153846154,0.692307692,0.269230769,0.076923077,0.115384615,0.153846154,0.038461538,0,0.775,0.75,0.8,0.363636364,0.327272727,0.4,1
Ang Kaka,38,8,0,3.947368421,4.75,1.868421053,0,0.131578947,1.868421053,1.631578947,1.078947368,0.657894737,0.105263158,0.026315789,0.026315789,0.026315789,0,0,0.696428571,0.660714286,0.723214286,0.263157895,0.184210526,0.210526316,1
Ang Kalikupan,50,14,0,5.4,3.571428571,2.4,0,0.34,2.4,2.04,1.82,0.96,0.34,0.24,0.1,0.18,0.02,0,0.675799087,0.652968037,0.698630137,0.189349112,0.224852071,0.272189349,1
Ang Kalo ni Karlo,43,8,0,4.418604651,5.375,1.953488372,0,0.325581395,1.953488372,1.813953488,1.209302326,0.837209302,0.279069767,0.23255814,0.11627907,0.255813953,0.023255814,0,0.56462585,0.619047619,0.598639456,0.133333333,0.114285714,0.161904762,1
Ang Kama ni Mama ug Makmak,27,4,0,4.074074074,6.75,1.703703704,0,0.407407407,1.703703704,1.481481481,1.148148148,0.777777778,0.333333333,0.185185185,0.222222222,0.259259259,0.037037037,0,0.746987952,0.734939759,0.78313253,0.280701754,0.263157895,0.333333333,1
Ang kama,30,8,0,3.933333333,3.75,1.8,0,0.3,1.8,1.466666667,1.066666667,0.666666667,0.3,0.1,0.033333333,0.066666667,0,0,0.795454545,0.772727273,0.818181818,0.355932203,0.355932203,0.389830508,1
Ang Kamot ni Momay,36,7,0,4.138888889,5.142857143,1.805555556,0,0.222222222,1.805555556,1.444444444,1.25,0.583333333,0.194444444,0.083333333,0.027777778,0.083333333,0.027777778,0.027777778,0.5625,0.5625,0.669642857,0.157894737,0.118421053,0.144736842,1
Ang Kanding ni Karding,37,7,0,5.189189189,5.285714286,2.081081081,0,0.621621622,2.081081081,1.72972973,1.675675676,1.108108108,0.594594595,0.324324324,0.351351351,0.378378378,0.189189189,0,0.688311688,0.642857143,0.681818182,0.279661017,0.228813559,0.313559322,1
Ang Kanding Ni Pedro,139,16,1.0625,4.820143885,8.6875,2.086330935,2,0.45323741,2.086330935,1.798561151,1.467625899,0.899280576,0.374100719,0.258992806,0.158273381,0.316546763,0.050359712,0,0.700757576,0.700757576,0.729166667,0.302564103,0.246153846,0.320512821,1
Ang Kanta ni Anta,73,12,1.076923077,4.95890411,6.083333333,2.123287671,0,0.493150685,2.123287671,1.863013699,1.506849315,0.904109589,0.424657534,0.342465753,0.191780822,0.356164384,0.04109589,0,0.717770035,0.700348432,0.763066202,0.317757009,0.289719626,0.364485981,1
Ang kilay ni Kentoy,67,11,0,4.47761194,6.090909091,1.970149254,0,0.358208955,1.970149254,1.701492537,1.313432836,0.850746269,0.328358209,0.223880597,0.194029851,0.23880597,0.014925373,0,0.626609442,0.545064378,0.618025751,0.25,0.202380952,0.273809524,1
Ang Kusog nga Linog,88,22,0,4.931818182,4,2.113636364,1,0.465909091,2.113636364,1.806818182,1.568181818,0.897727273,0.397727273,0.215909091,0.147727273,0.306818182,0.034090909,0,0.659883721,0.645348837,0.677325581,0.231372549,0.235294118,0.28627451,1
Ang Kwarto Ko,52,14,0,4.807692308,3.714285714,2.019230769,0,0.519230769,2.019230769,1.75,1.461538462,0.903846154,0.423076923,0.269230769,0.269230769,0.384615385,0.096153846,0,0.641414141,0.606060606,0.651515152,0.136986301,0.164383562,0.226027397,1
Ang Langaw,52,12,0,4.75,4.333333333,1.865384615,0,0.461538462,1.865384615,1.692307692,1.576923077,1,0.423076923,0.25,0.211538462,0.25,0.019230769,0,0.794871795,0.794871795,0.830769231,0.388888889,0.354166667,0.409722222,1
Ang Lapis ni Sedes,36,7,0,4.888888889,5.142857143,2.111111111,0,0.222222222,2.111111111,1.888888889,1.666666667,0.861111111,0.194444444,0.138888889,0.055555556,0.111111111,0.055555556,0,0.618705036,0.575539568,0.611510791,0.174757282,0.13592233,0.242718447,1
Ang Lima ka Baki,45,7,0,3.688888889,6.428571429,1.777777778,0,0.133333333,1.777777778,1.577777778,0.888888889,0.622222222,0.088888889,0.044444444,0.044444444,0.066666667,0.022222222,0.022222222,0.727272727,0.661157025,0.752066116,0.25974026,0.142857143,0.285714286,1
Ang Lima ka Managsuon,156,20,1.6,4.942307692,7.8,2.128205128,1,0.493589744,2.128205128,1.769230769,1.544871795,0.884615385,0.467948718,0.288461538,0.198717949,0.294871795,0.057692308,0.006410256,0.725779967,0.699507389,0.747126437,0.321428571,0.296875,0.334821429,1
Ang Magtutudlo,33,7,0,5.333333333,4.714285714,2.363636364,0,0.454545455,2.363636364,2.090909091,1.727272727,1.060606061,0.424242424,0.333333333,0.212121212,0.333333333,0.060606061,0,0.601398601,0.601398601,0.622377622,0.238938053,0.194690265,0.265486726,1
Ang Mama ni Tata,30,6,1.285714286,4.333333333,5,1.966666667,0,0.266666667,1.966666667,1.766666667,1.2,0.833333333,0.233333333,0.133333333,0.1,0.133333333,0.033333333,0,0.66,0.63,0.7,0.267605634,0.267605634,0.281690141,1
Ang Mananagat,273,20,3.380952381,4.677655678,13.65,1.886446886,10,0.659340659,1.886446886,1.366300366,1.41025641,0.717948718,0.457875458,0.282051282,0.234432234,0.399267399,0.073260073,0.036630037,0.47734139,0.500503525,0.483383686,0.141304348,0.171195652,0.14673913,1
Ang Mangga ni Manang Mina,67,11,0,4.970149254,6.090909091,2.119402985,1,0.447761194,2.119402985,1.850746269,1.52238806,0.955223881,0.402985075,0.313432836,0.194029851,0.328358209,0.014925373,0,0.676691729,0.657894737,0.691729323,0.3,0.265,0.345,1
Ang Mangga,48,12,1.153846154,4.708333333,4,2,0,0.4375,2,1.645833333,1.458333333,0.833333333,0.354166667,0.1875,0.125,0.25,0.041666667,0,0.657303371,0.601123596,0.668539326,0.251908397,0.20610687,0.297709924,1
Ang Manok,33,6,0,4.333333333,5.5,1.939393939,0,0.181818182,1.939393939,1.636363636,1.393939394,0.727272727,0.121212121,0.03030303,0.03030303,0.060606061,0,0,0.609090909,0.554545455,0.654545455,0.215189873,0.215189873,0.253164557,1
Ang Mata ni Matmat,26,5,0,4.5,5.2,1.807692308,0,0.538461538,1.807692308,1.615384615,1.269230769,0.961538462,0.461538462,0.269230769,0.269230769,0.346153846,0.038461538,0,0.67032967,0.659340659,0.692307692,0.212121212,0.196969697,0.242424242,1
Ang mata,32,8,0,3.875,4,1.78125,0,0.28125,1.78125,1.46875,1.03125,0.65625,0.28125,0.09375,0.03125,0.0625,0,0,0.77173913,0.77173913,0.804347826,0.327868852,0.344262295,0.37704918,1
Ang mga Bata,48,12,0,5.041666667,4,2.145833333,0,0.5625,2.145833333,1.8125,1.4375,0.833333333,0.479166667,0.291666667,0.1875,0.4375,0.104166667,0.041666667,0.530927835,0.582474227,0.572164948,0.178082192,0.178082192,0.184931507,1
Ang mga Isda,42,10,0,5,4.2,2.119047619,1,0.5,2.119047619,1.69047619,1.571428571,0.785714286,0.404761905,0.19047619,0.142857143,0.357142857,0.071428571,0,0.654320988,0.672839506,0.685185185,0.284482759,0.232758621,0.301724138,1
Ang mga Prutas,56,9,1.2,4.446428571,6.222222222,1.875,0,0.428571429,1.875,1.535714286,1.392857143,0.75,0.25,0.142857143,0.196428571,0.285714286,0,0,0.621761658,0.647668394,0.683937824,0.178571429,0.178571429,0.214285714,1
Ang Monyeka,56,10,0,5.178571429,5.6,2.357142857,1,0.321428571,2.357142857,2.017857143,1.714285714,1.017857143,0.285714286,0.232142857,0.142857143,0.178571429,0.017857143,0,0.669527897,0.656652361,0.699570815,0.278409091,0.25,0.369318182,1
Ang Ok-ok,35,7,0,4.342857143,5,1.914285714,0,0.4,1.914285714,1.457142857,1.342857143,0.685714286,0.257142857,0.085714286,0.114285714,0.257142857,0.028571429,0,0.582608696,0.591304348,0.626086957,0.227848101,0.17721519,0.253164557,1
Ang Panimalay,65,17,1.111111111,5.769230769,3.823529412,2.476923077,3,0.4,2.476923077,2.261538462,2.015384615,1.230769231,0.4,0.307692308,0.2,0.261538462,0.015384615,0,0.696774194,0.661290323,0.709677419,0.24796748,0.215447154,0.256097561,1
Ang Pati ni Pipo,105,17,1.055555556,4.238095238,6.176470588,1.876190476,1,0.323809524,1.876190476,1.59047619,1.219047619,0.723809524,0.295238095,0.142857143,0.123809524,0.228571429,0.028571429,0,0.592920354,0.592920354,0.604719764,0.1875,0.195833333,0.204166667,1
Ang Payag ni Tatay,54,5,1.333333333,4.814814815,10.8,1.925925926,1,0.407407407,1.925925926,1.703703704,1.574074074,0.925925926,0.333333333,0.240740741,0.166666667,0.259259259,0.037037037,0,0.616504854,0.597087379,0.640776699,0.189542484,0.163398693,0.183006536,1
Ang Plaza,65,17,1.055555556,5.2,3.823529412,2.246153846,1,0.476923077,2.246153846,1.830769231,1.723076923,0.953846154,0.384615385,0.230769231,0.230769231,0.292307692,0.061538462,0,0.625925926,0.659259259,0.662962963,0.215686275,0.200980392,0.274509804,1
Ang Prutas,52,12,0,5.134615385,4.333333333,2.25,0,0.326923077,2.25,2.019230769,1.653846154,1,0.211538462,0.153846154,0.173076923,0.25,0,0,0.663551402,0.635514019,0.682242991,0.217391304,0.198757764,0.291925466,1
Ang Regalo,55,10,0,4.854545455,5.5,2.2,1,0.345454545,2.2,1.963636364,1.436363636,0.872727273,0.309090909,0.218181818,0.090909091,0.218181818,0.018181818,0,0.712264151,0.688679245,0.731132075,0.242038217,0.210191083,0.343949045,1
Ang Relo ni Jelo,287,19,3.85,4.522648084,15.10526316,1.829268293,9,0.616724739,1.829268293,1.393728223,1.278745645,0.721254355,0.428571429,0.264808362,0.240418118,0.379790941,0.087108014,0.034843206,0.391217565,0.419161677,0.405189621,0.084468665,0.123978202,0.099455041,1
Ang Sakyanan,57,10,1.090909091,5.684210526,5.7,2.368421053,1,0.49122807,2.368421053,2.105263158,2.01754386,1.087719298,0.385964912,0.280701754,0.263157895,0.421052632,0.01754386,0,0.718045113,0.763157895,0.751879699,0.307692308,0.288461538,0.331730769,1
Ang Sapatos,87,16,1.235294118,4.67816092,5.4375,2.114942529,0,0.264367816,2.114942529,1.770114943,1.574712644,0.885057471,0.24137931,0.149425287,0.08045977,0.137931034,0,0,0.738170347,0.690851735,0.757097792,0.324675325,0.285714286,0.333333333,1
Ang Saya ni Ana,76,16,1.176470588,4.302631579,4.75,1.986842105,0,0.263157895,1.986842105,1.644736842,1.355263158,0.763157895,0.223684211,0.118421053,0.078947368,0.131578947,0,0,0.730923695,0.730923695,0.763052209,0.331395349,0.255813953,0.343023256,1
Ang Saya,30,6,0,4.1,5,1.933333333,0,0.233333333,1.933333333,1.633333333,1.133333333,0.666666667,0.233333333,0.1,0.066666667,0.066666667,0,0,0.741935484,0.741935484,0.76344086,0.365079365,0.111111111,0.158730159,1
Ang Sorpresa,65,11,1.166666667,5.246153846,5.909090909,2.215384615,0,0.461538462,2.215384615,1.938461538,1.723076923,1.046153846,0.446153846,0.323076923,0.169230769,0.230769231,0.030769231,0.030769231,0.713235294,0.724264706,0.742647059,0.308823529,0.245098039,0.328431373,1
Ang Tabanog ni Isko,55,9,0,4.909090909,6.111111111,2.145454545,1,0.4,2.145454545,1.836363636,1.6,0.909090909,0.381818182,0.218181818,0.127272727,0.236363636,0.018181818,0.018181818,0.661971831,0.65258216,0.676056338,0.25477707,0.27388535,0.337579618,1
Ang Tabanog,53,11,0,4.79245283,4.818181818,2.113207547,0,0.245283019,2.113207547,1.867924528,1.566037736,0.886792453,0.20754717,0.150943396,0.075471698,0.113207547,0,0,0.631840796,0.641791045,0.656716418,0.208053691,0.308724832,0.322147651,1
Ang Tam-is nga Mansanas,158,24,1.789473684,4.987341772,6.583333333,2.14556962,2,0.518987342,2.14556962,1.778481013,1.481012658,0.841772152,0.436708861,0.265822785,0.259493671,0.398734177,0.050632911,0.012658228,0.668316832,0.666666667,0.678217822,0.325471698,0.273584906,0.391509434,1
Ang Tanaman ni Helen,71,12,1.153846154,4.845070423,5.916666667,2.084507042,0,0.352112676,2.084507042,1.830985915,1.605633803,0.929577465,0.281690141,0.183098592,0.169014085,0.23943662,0.014084507,0,0.600732601,0.615384615,0.644688645,0.225490196,0.240196078,0.318627451,1
Ang Tasa,34,7,0,4.176470588,4.857142857,1.852941176,0,0.352941176,1.852941176,1.588235294,1.147058824,0.735294118,0.235294118,0.058823529,0.117647059,0.176470588,0,0,0.685185185,0.694444444,0.740740741,0.306666667,0.213333333,0.266666667,1
Ang Tsinelas,56,9,0,4.892857143,6.222222222,2.125,0,0.303571429,2.125,1.821428571,1.625,0.910714286,0.25,0.214285714,0.125,0.178571429,0.017857143,0.017857143,0.612903226,0.566820276,0.631336406,0.180124224,0.161490683,0.223602484,1
Ang Tubig sa Gripo,56,10,0,4.821428571,5.6,2.107142857,0,0.375,2.107142857,1.767857143,1.571428571,0.821428571,0.303571429,0.125,0.196428571,0.196428571,0.017857143,0,0.593457944,0.588785047,0.570093458,0.183544304,0.196202532,0.253164557,1
Ang Tunghaan,52,11,0,5.538461538,4.727272727,2.403846154,1,0.442307692,2.403846154,2.173076923,1.730769231,1.057692308,0.423076923,0.384615385,0.153846154,0.307692308,0,0,0.682403433,0.643776824,0.690987124,0.184357542,0.17877095,0.223463687,1
Ang Unlan,26,6,0,4.846153846,4.333333333,1.923076923,0,0.615384615,1.923076923,1.5,1.692307692,0.923076923,0.615384615,0.269230769,0.346153846,0.346153846,0,0,0.7,0.69,0.71,0.256756757,0.216216216,0.27027027,1
Ang Upat ka Managsuon,50,9,0,5.28,5.555555556,2.34,2,0.4,2.34,1.94,1.78,0.86,0.36,0.24,0.1,0.2,0.02,0.02,0.699530516,0.680751174,0.713615023,0.294478528,0.245398773,0.331288344,1
Ang Utanon,51,13,0,5.490196078,3.923076923,2.37254902,0,0.431372549,2.37254902,2.019607843,1.901960784,1.039215686,0.411764706,0.254901961,0.137254902,0.235294118,0.058823529,0,0.691964286,0.669642857,0.714285714,0.24260355,0.236686391,0.307692308,1
Ang Xylophone,76,14,0,5.065789474,5.428571429,2.078947368,0,0.513157895,2.078947368,1.907894737,1.460526316,1.013157895,0.421052632,0.302631579,0.236842105,0.381578947,0.118421053,0,0.573770492,0.603278689,0.590163934,0.211453744,0.220264317,0.233480176,1
Ang Yoyo,24,7,0,4.208333333,3.428571429,1.916666667,0,0.25,1.916666667,1.625,1.166666667,0.708333333,0.25,0.125,0.083333333,0.083333333,0,0,0.61038961,0.506493506,0.636363636,0.148148148,0.148148148,0.222222222,1
Atis ug Tambis,36,7,0,4.694444444,5.142857143,1.916666667,1,0.5,1.916666667,1.472222222,1.638888889,0.944444444,0.472222222,0.25,0.25,0.305555556,0,0,0.638461538,0.646153846,0.546153846,0.097826087,0.130434783,0.119565217,1
Baha sa Tunghaan sa Inayagan,64,18,0,5.21875,3.555555556,2.296875,0,0.390625,2.296875,1.90625,1.578125,0.90625,0.359375,0.25,0.140625,0.28125,0.03125,0.015625,0.62962963,0.618518519,0.640740741,0.160194175,0.13592233,0.22815534,1
Balay ni Maya,35,7,0,4.485714286,5,1.942857143,0,0.285714286,1.942857143,1.742857143,1.4,0.942857143,0.228571429,0.142857143,0.2,0.2,0,0,0.685950413,0.644628099,0.719008264,0.24137931,0.229885057,0.287356322,1
Barangay Ko Ampingan Ko,88,9,1.111111111,4.943181818,9.777777778,2.034090909,0,0.488636364,2.034090909,1.818181818,1.545454545,0.931818182,0.340909091,0.272727273,0.181818182,0.352272727,0.011363636,0,0.765217391,0.753623188,0.791304348,0.37890625,0.375,0.43359375,1
Buhok ni Mila,47,8,0,4.29787234,5.875,1.85106383,0,0.29787234,1.85106383,1.468085106,1.319148936,0.659574468,0.191489362,0.170212766,0.085106383,0.212765957,0.021276596,0.021276596,0.470967742,0.458064516,0.535483871,0.190909091,0.190909091,0.190909091,1
Dagan,26,8,0,5.230769231,3.25,2.269230769,0,0.192307692,2.269230769,2.115384615,1.884615385,1.076923077,0.192307692,0.115384615,0.115384615,0.115384615,0.038461538,0,0.7,0.690909091,0.709090909,0.317647059,0.305882353,0.235294118,1
Duha ka Higala,67,11,1.083333333,4.298507463,6.090909091,2.029850746,1,0.134328358,2.029850746,1.835820896,1.208955224,0.791044776,0.089552239,0.059701493,0.074626866,0.104477612,0,0,0.633484163,0.665158371,0.665158371,0.15483871,0.129032258,0.232258065,1
Gaihap ug Iring,278,31,2.9,4.514388489,8.967741935,1.870503597,9,0.607913669,1.870503597,1.345323741,1.316546763,0.715827338,0.438848921,0.309352518,0.212230216,0.338129496,0.075539568,0.035971223,0.414256198,0.421487603,0.417355372,0.094555874,0.124641834,0.107449857,1
Kaka ni Katkat,31,6,0,4.258064516,5.166666667,1.870967742,0,0.387096774,1.870967742,1.64516129,1.129032258,0.806451613,0.35483871,0.193548387,0.129032258,0.258064516,0,0,0.693069307,0.693069307,0.722772277,0.211267606,0.211267606,0.366197183,1
Kaka,16,1,1.5,5.3125,16,2.625,0,0.125,2.625,2.25,1.625,1,0.0625,0,0.0625,0.0625,0,0,0.661764706,0.661764706,0.676470588,0.254901961,0.215686275,0.274509804,1
Kaloy Mag-uuma,38,8,0,4.736842105,4.75,2.184210526,0,0.236842105,2.184210526,1.815789474,1.5,0.789473684,0.236842105,0.184210526,0.131578947,0.184210526,0.026315789,0,0.615942029,0.623188406,0.608695652,0.244897959,0.173469388,0.234693878,1
Kari na ug mulupad!,68,16,0,5.264705882,4.25,2.161764706,0,0.426470588,2.161764706,1.867647059,1.897058824,1.014705882,0.397058824,0.132352941,0.102941176,0.132352941,0.014705882,0,0.657439446,0.671280277,0.712802768,0.226244344,0.230769231,0.262443439,1
Kasinatian sa Bukid,102,11,1.083333333,4.862745098,9.272727273,1.950980392,1,0.450980392,1.950980392,1.774509804,1.529411765,0.911764706,0.441176471,0.362745098,0.147058824,0.225490196,0.088235294,0,0.739795918,0.732142857,0.772959184,0.322916667,0.302083333,0.322916667,1
Katkat Ta,26,8,0,4.576923077,3.25,1.884615385,0,0.346153846,1.884615385,1.769230769,1.346153846,1.115384615,0.346153846,0.346153846,0.230769231,0.346153846,0,0,0.655913978,0.655913978,0.688172043,0.073529412,0.088235294,0.294117647,1
Kinabuhi sa Alibangbang,53,6,0,4.943396226,8.833333333,2.113207547,0,0.433962264,2.113207547,1.679245283,1.660377358,0.886792453,0.377358491,0.264150943,0.188679245,0.245283019,0.094339623,0,0.708133971,0.708133971,0.755980861,0.312101911,0.312101911,0.375796178,1
Koko ni Osta,29,7,0,4.068965517,4.142857143,1.896551724,0,0.379310345,1.896551724,1.482758621,1,0.482758621,0.310344828,0.068965517,0.034482759,0.275862069,0.034482759,0.034482759,0.505617978,0.528089888,0.539325843,0.06557377,0.06557377,0.114754098,1
Magtutudlo,42,8,0,5.047619048,5.25,2.285714286,0,0.428571429,2.285714286,1.880952381,1.571428571,1.023809524,0.380952381,0.238095238,0.166666667,0.333333333,0.095238095,0,0.627218935,0.615384615,0.662721893,0.283464567,0.236220472,0.251968504,1
Mama sa Kama,18,2,0,4.666666667,9,2.277777778,0,0.111111111,2.277777778,2,1.333333333,0.888888889,0.111111111,0.055555556,0,0.055555556,0,0,0.666666667,0.681818182,0.681818182,0.25,0.25,0.291666667,1
Mama,21,3,0,4.428571429,7,2,0,0.333333333,2,1.761904762,1.19047619,0.80952381,0.285714286,0.142857143,0.095238095,0.19047619,0.095238095,0,0.638888889,0.638888889,0.680555556,0.25,0.230769231,0.307692308,1
Mananom Kita,66,12,1.083333333,5.5,5.5,2.318181818,0,0.515151515,2.318181818,2.106060606,1.833333333,1.136363636,0.439393939,0.333333333,0.196969697,0.348484848,0.075757576,0.015151515,0.671186441,0.630508475,0.705084746,0.223684211,0.206140351,0.25877193,1
Manuroy Kita,64,12,1.181818182,5.203125,5.333333333,2.125,0,0.5,2.125,1.9375,1.6875,1.109375,0.421875,0.3125,0.28125,0.328125,0.046875,0,0.555970149,0.552238806,0.578358209,0.156862745,0.151960784,0.181372549,1
Mao ni si Yoyo Som,56,6,0,3.946428571,9.333333333,1.839285714,0,0.214285714,1.839285714,1.553571429,1.089285714,0.642857143,0.214285714,0.107142857,0.071428571,0.178571429,0.035714286,0,0.696969697,0.624242424,0.715151515,0.247706422,0.19266055,0.256880734,1
Mata ni Dina,31,6,0,4.290322581,5.166666667,1.870967742,0,0.322580645,1.870967742,1.64516129,1.225806452,0.774193548,0.225806452,0.161290323,0.064516129,0.193548387,0,0,0.647058824,0.656862745,0.647058824,0.319444444,0.333333333,0.361111111,1
Matmat,28,4,0,4.678571429,7,2,0,0.392857143,2,1.821428571,1.357142857,1,0.357142857,0.285714286,0.25,0.285714286,0.035714286,0,0.611650485,0.601941748,0.650485437,0.144736842,0.157894737,0.171052632,1
Mga Pangalan sa Bata,24,1,0,4.833333333,24,2,0,0.375,2,1.916666667,1.458333333,1.166666667,0.291666667,0.291666667,0.291666667,0.375,0,0,0.706521739,0.72826087,0.739130435,0.217391304,0.202898551,0.304347826,1
Nindot nga Ugma,67,12,0,5.014925373,5.583333333,2.074626866,0,0.47761194,2.074626866,1.791044776,1.537313433,0.970149254,0.402985075,0.28358209,0.179104478,0.373134328,0.014925373,0.014925373,0.679104478,0.652985075,0.697761194,0.179104478,0.184079602,0.23880597,1
Numero nga Usa hangtod Napulo,68,17,1.333333333,4.838235294,4,2.220588235,0,0.25,2.220588235,1.941176471,1.544117647,0.911764706,0.205882353,0.191176471,0.044117647,0.147058824,0.014705882,0,0.625,0.609375,0.66015625,0.201086957,0.179347826,0.288043478,1
Paglimpyo sa Lawas,73,19,0,5.068493151,3.842105263,2.150684932,0,0.397260274,2.150684932,1.835616438,1.575342466,0.931506849,0.356164384,0.260273973,0.191780822,0.315068493,0.04109589,0.01369863,0.610921502,0.580204778,0.651877133,0.156682028,0.165898618,0.225806452,1
Pagluto,53,8,1.111111111,5.452830189,6.625,2.301886792,1,0.603773585,2.301886792,2.018867925,1.716981132,0.962264151,0.452830189,0.264150943,0.150943396,0.301886792,0.037735849,0,0.601694915,0.63559322,0.669491525,0.278688525,0.229508197,0.31147541,1
Pamilyang Racaza,101,24,1.32,5.316831683,4.208333333,2.425742574,2,0.336633663,2.425742574,2.138613861,1.683168317,0.920792079,0.306930693,0.227722772,0.099009901,0.207920792,0.03960396,0,0.690531178,0.6073903,0.695150115,0.290909091,0.193939394,0.378787879,1
Prutas sa Basket,39,5,0,4.923076923,7.8,1.897435897,0,0.615384615,1.897435897,1.666666667,1.461538462,0.897435897,0.512820513,0.358974359,0.256410256,0.41025641,0.051282051,0.025641026,0.522875817,0.555555556,0.54248366,0.165217391,0.165217391,0.191304348,1
Prutas ug Gulay,56,9,0,4.553571429,6.222222222,1.982142857,1,0.339285714,1.982142857,1.678571429,1.464285714,0.75,0.214285714,0.160714286,0.142857143,0.232142857,0.017857143,0,0.638190955,0.613065327,0.688442211,0.227586207,0.213793103,0.255172414,1
Relo ni Willy,43,13,0,4.953488372,3.307692308,2.139534884,0,0.348837209,2.139534884,1.953488372,1.488372093,0.976744186,0.325581395,0.209302326,0.093023256,0.139534884,0.023255814,0,0.633136095,0.650887574,0.650887574,0.293650794,0.206349206,0.333333333,1
Sa Dagat,37,7,0,4.567567568,5.285714286,1.918918919,0,0.405405405,1.918918919,1.675675676,1.405405405,0.864864865,0.351351351,0.27027027,0.162162162,0.243243243,0.027027027,0,0.613636364,0.590909091,0.643939394,0.197916667,0.1875,0.197916667,1
Sa Zoo,70,9,0,4.785714286,7.777777778,2.042857143,0,0.471428571,2.042857143,1.685714286,1.5,0.857142857,0.428571429,0.285714286,0.114285714,0.242857143,0.014285714,0,0.632575758,0.625,0.670454545,0.287179487,0.251282051,0.302564103,1
Saya ni Mama,35,7,0,4.028571429,5,1.828571429,0,0.2,1.828571429,1.6,1.171428571,0.771428571,0.2,0.057142857,0.057142857,0.057142857,0.028571429,0,0.685714286,0.714285714,0.704761905,0.3,0.171428571,0.214285714,1
Si Balaraw,228,15,1.5625,4.907894737,15.2,2.092105263,9,0.447368421,2.092105263,1.824561404,1.513157895,0.855263158,0.324561404,0.24122807,0.184210526,0.342105263,0.021929825,0,0.683146067,0.698876404,0.715730337,0.250755287,0.238670695,0.296072508,1
Si Boboy ug Dodoy,80,12,1.545454545,4.9,6.666666667,2.0125,1,0.35,2.0125,1.8125,1.625,0.95,0.325,0.225,0.2,0.25,0.0125,0,0.631067961,0.624595469,0.67961165,0.283185841,0.225663717,0.309734513,1
Si Cardo,66,11,0,4.5,6,1.939393939,0,0.333333333,1.939393939,1.757575758,1.333333333,0.772727273,0.287878788,0.242424242,0.060606061,0.242424242,0,0,0.552173913,0.556521739,0.6,0.170731707,0.152439024,0.195121951,1
Si Diday,34,6,0,4.235294118,5.666666667,1.911764706,0,0.205882353,1.911764706,1.558823529,1.294117647,0.647058824,0.176470588,0.088235294,0.058823529,0.058823529,0.029411765,0,0.7,0.672727273,0.709090909,0.236842105,0.223684211,0.276315789,1
Si Kabang ug ang Puting Iring,133,14,1.6,4.443609023,9.5,1.857142857,1,0.503759398,1.857142857,1.496240602,1.37593985,0.676691729,0.413533835,0.330827068,0.060150376,0.187969925,0.007518797,0,0.744541485,0.742358079,0.76419214,0.378461538,0.347692308,0.415384615,1
Si Kabang,60,10,1.090909091,4.633333333,6,2.016666667,0,0.383333333,2.016666667,1.65,1.466666667,0.75,0.316666667,0.25,0.066666667,0.166666667,0,0,0.689814815,0.699074074,0.722222222,0.272727273,0.305194805,0.363636364,1
Si kokoy ug Si Kakay,126,17,1.277777778,4.785714286,7.411764706,2.071428571,1,0.388888889,2.071428571,1.801587302,1.484126984,0.904761905,0.341269841,0.238095238,0.174603175,0.293650794,0.03968254,0.007936508,0.608879493,0.591966173,0.644820296,0.241477273,0.196022727,0.264204545,1
Si kokoy,126,17,1.277777778,4.785714286,7.411764706,2.071428571,1,0.388888889,2.071428571,1.801587302,1.484126984,0.904761905,0.341269841,0.238095238,0.174603175,0.293650794,0.03968254,0.007936508,0.608879493,0.591966173,0.644820296,0.241477273,0.196022727,0.264204545,1
Si Lando,108,10,1.090909091,5.472222222,10.8,2.490740741,4,0.425925926,2.490740741,2.018518519,1.722222222,0.990740741,0.37962963,0.296296296,0.222222222,0.351851852,0.027777778,0,0.51659751,0.506224066,0.526970954,0.176,0.194666667,0.2,1
Si Leny,100,10,1.454545455,4.45,10,1.9,0,0.34,1.9,1.63,1.42,0.88,0.3,0.23,0.11,0.22,0.03,0.01,0.631884058,0.628985507,0.660869565,0.230769231,0.194331984,0.24291498,1
Si Lolo Lito,39,7,0,4.512820513,5.571428571,1.974358974,0,0.384615385,1.974358974,1.615384615,1.41025641,0.846153846,0.358974359,0.230769231,0.128205128,0.153846154,0.051282051,0,0.583941606,0.598540146,0.627737226,0.313131313,0.252525253,0.303030303,1
Si Mama og si Tamtam,25,5,0,4.28,5,1.88,0,0.36,1.88,1.64,1.16,0.84,0.32,0.2,0.16,0.28,0,0,0.670731707,0.682926829,0.695121951,0.189655172,0.189655172,0.24137931,1
Si Manang Tina,66,11,0,4.53030303,6,1.954545455,0,0.409090909,1.954545455,1.696969697,1.333333333,0.818181818,0.348484848,0.242424242,0.106060606,0.212121212,0.03030303,0,0.751072961,0.746781116,0.768240343,0.369047619,0.31547619,0.380952381,1
Si Maring,47,13,0,5.063829787,3.615384615,2.170212766,0,0.340425532,2.170212766,1.978723404,1.617021277,1,0.29787234,0.29787234,0.127659574,0.170212766,0.021276596,0,0.746031746,0.73015873,0.761904762,0.319148936,0.234042553,0.340425532,1
Si Mayde,64,11,0,4.65625,5.818181818,2.078125,0,0.34375,2.078125,1.8125,1.390625,0.875,0.28125,0.21875,0.078125,0.234375,0.03125,0,0.681034483,0.663793103,0.719827586,0.28742515,0.221556886,0.317365269,1
Si Navy ug si Bora,48,9,0,4.229166667,5.333333333,1.854166667,0,0.270833333,1.854166667,1.583333333,1.208333333,0.770833333,0.208333333,0.166666667,0.083333333,0.104166667,0.020833333,0.020833333,0.623376623,0.642857143,0.642857143,0.188679245,0.132075472,0.245283019,1
Si Nida ug Pina,31,6,0,3.838709677,5.166666667,1.806451613,0,0.064516129,1.806451613,1.612903226,1.032258065,0.677419355,0.032258065,0.032258065,0.032258065,0.032258065,0.032258065,0,0.613636364,0.602272727,0.647727273,0.155172414,0.172413793,0.25862069,1
Si Nino,66,18,1.052631579,4.984848485,3.666666667,2.106060606,0,0.393939394,2.106060606,1.878787879,1.53030303,0.96969697,0.363636364,0.287878788,0.242424242,0.287878788,0.075757576,0.03030303,0.634615385,0.626923077,0.65,0.21875,0.239583333,0.255208333,1
Si Ola ug Oli,38,7,0,3.894736842,5.428571429,1.894736842,0,0.131578947,1.894736842,1.552631579,1.105263158,0.605263158,0.078947368,0.052631579,0.105263158,0.105263158,0,0,0.554545455,0.509090909,0.618181818,0.123287671,0.164383562,0.232876712,1
Si Osta,31,7,0,4.161290323,4.428571429,1.935483871,0,0.387096774,1.935483871,1.580645161,1.064516129,0.580645161,0.35483871,0.129032258,0.064516129,0.35483871,0.032258065,0.032258065,0.591836735,0.581632653,0.62244898,0.205882353,0.161764706,0.220588235,1
Si Susan,108,11,1.166666667,4.694444444,9.818181818,2.064814815,1,0.435185185,2.064814815,1.740740741,1.398148148,0.796296296,0.287037037,0.222222222,0.157407407,0.361111111,0.027777778,0,0.626566416,0.636591479,0.691729323,0.307167235,0.276450512,0.351535836,1
Si Tata,35,7,0,4.142857143,5,1.971428571,0,0.085714286,1.971428571,1.771428571,1.142857143,0.685714286,0.085714286,0.057142857,0.057142857,0.057142857,0.028571429,0,0.690909091,0.690909091,0.709090909,0.25,0.157894737,0.263157895,1
Si Tatay Marlito,73,13,1.071428571,5.01369863,5.615384615,2.260273973,1,0.342465753,2.260273973,1.98630137,1.493150685,0.945205479,0.301369863,0.205479452,0.205479452,0.315068493,0.02739726,0,0.794520548,0.712328767,0.784246575,0.256880734,0.188073394,0.256880734,1
Si Trining,66,11,0,4.893939394,6,2.090909091,0,0.5,2.090909091,1.878787879,1.439393939,0.878787879,0.409090909,0.333333333,0.227272727,0.378787879,0.03030303,0.015151515,0.68627451,0.658823529,0.654901961,0.232804233,0.26984127,0.227513228,1
Si Yuko,33,7,0,4.090909091,4.714285714,1.909090909,0,0.181818182,1.909090909,1.696969697,1.121212121,0.757575758,0.151515152,0.121212121,0.03030303,0.090909091,0.03030303,0,0.643564356,0.603960396,0.643564356,0.289855072,0.202898551,0.347826087,1
Suroy-Suroy sa Tamnanan,187,20,1.8,4.550802139,9.35,1.989304813,2,0.50802139,1.989304813,1.561497326,1.288770053,0.705882353,0.385026738,0.278074866,0.112299465,0.336898396,0.053475936,0,0.660606061,0.663636364,0.689393939,0.302771855,0.234541578,0.388059701,1
Tagu-Tagu,58,10,0,4.75862069,5.8,2.051724138,0,0.396551724,2.051724138,1.827586207,1.448275862,0.931034483,0.344827586,0.24137931,0.103448276,0.206896552,0.034482759,0,0.710280374,0.677570093,0.719626168,0.243421053,0.256578947,0.315789474,1
Trak ni Nino,41,10,0,4.512195122,4.1,1.975609756,1,0.243902439,1.975609756,1.804878049,1.390243902,0.902439024,0.146341463,0.073170732,0.170731707,0.170731707,0.024390244,0,0.566433566,0.573426573,0.587412587,0.178217822,0.217821782,0.198019802,1
Tumba Lata,48,13,0,5.104166667,3.692307692,2.229166667,0,0.416666667,2.229166667,1.895833333,1.6875,1.020833333,0.354166667,0.208333333,0.229166667,0.291666667,0,0,0.62244898,0.637755102,0.637755102,0.216216216,0.209459459,0.195945946,1
Tunghaan,46,7,0,5.195652174,6.571428571,2.152173913,0,0.543478261,2.152173913,1.847826087,1.543478261,0.934782609,0.456521739,0.347826087,0.173913043,0.369565217,0.065217391,0.02173913,0.715789474,0.689473684,0.736842105,0.205673759,0.184397163,0.304964539,1
Unang mga Bulok,35,7,1.625,4.428571429,5,1.857142857,0,0.342857143,1.857142857,1.571428571,1.485714286,0.828571429,0.257142857,0.171428571,0.085714286,0.171428571,0.028571429,0,0.566666667,0.575,0.65,0.197674419,0.162790698,0.26744186,1
Unlan ug Habol,31,7,0,4.35483871,4.428571429,1.741935484,0,0.419354839,1.741935484,1.322580645,1.483870968,0.709677419,0.387096774,0.064516129,0.161290323,0.193548387,0,0,0.621359223,0.59223301,0.660194175,0.194444444,0.166666667,0.236111111,1
Unsa Nga Kahoy Kini,78,13,0,4.756410256,6,2.051282051,0,0.41025641,2.051282051,1.717948718,1.564102564,0.897435897,0.371794872,0.230769231,0.153846154,0.217948718,0.051282051,0,0.673539519,0.635738832,0.714776632,0.226851852,0.222222222,0.305555556,1
Usa ka Malipayong Adlaw sa Umahan,93,20,2.75,4.817204301,4.65,2.010752688,2,0.516129032,2.010752688,1.64516129,1.569892473,0.913978495,0.387096774,0.258064516,0.215053763,0.322580645,0.043010753,0,0.685714286,0.671428571,0.702857143,0.303149606,0.244094488,0.342519685,1
Vase ni Queenie,73,17,1.111111111,4.657534247,4.294117647,2.136986301,6,0.301369863,2.136986301,1.698630137,1.369863014,0.767123288,0.232876712,0.136986301,0.109589041,0.191780822,0,0,0.659090909,0.640151515,0.696969697,0.252631579,0.236842105,0.294736842,1
Akong Mama ug Ako,100,16,1.058823529,5.35,6.25,2.37,7,0.44,2.37,2.02,1.74,1,0.36,0.33,0.2,0.33,0.03,0,0.703016241,0.693735499,0.723897912,0.329268293,0.280487805,0.359756098,2
Ang Adlaw na Niulan og Isda,280,26,1.681818182,4.575,10.76923077,1.942857143,3,0.489285714,1.942857143,1.628571429,1.375,0.789285714,0.392857143,0.282142857,0.171428571,0.360714286,0.025,0.003571429,0.672708963,0.683786506,0.716012085,0.304532578,0.271954674,0.344192635,2
Ang Akong Damgo,74,13,1.071428571,5.148648649,5.692307692,2.175675676,2,0.486486486,2.175675676,1.905405405,1.689189189,1.027027027,0.418918919,0.337837838,0.202702703,0.324324324,0.067567568,0,0.709150327,0.699346405,0.751633987,0.291845494,0.253218884,0.330472103,2
Ang Akong Eskwelahan,76,5,0,5.328947368,15.2,2.25,1,0.644736842,2.25,1.776315789,1.605263158,0.828947368,0.552631579,0.263157895,0.210526316,0.447368421,0.039473684,0,0.596923077,0.615384615,0.627692308,0.251012146,0.222672065,0.311740891,2
Ang Akong Manok,77,7,1.428571429,4.818181818,11,2.142857143,1,0.350649351,2.142857143,1.753246753,1.545454545,0.922077922,0.298701299,0.207792208,0.168831169,0.246753247,0,0,0.680555556,0.690972222,0.743055556,0.289855072,0.275362319,0.338164251,2
Ang Akong Mga Anak,89,10,1.272727273,4.786516854,8.9,2.123595506,2,0.471910112,2.123595506,1.640449438,1.528089888,0.797752809,0.393258427,0.235955056,0.123595506,0.280898876,0.056179775,0,0.661721068,0.658753709,0.676557864,0.281124498,0.248995984,0.325301205,2
Ang Akong Pamilya,199,39,1.125,5.150753769,5.102564103,2.266331658,5,0.381909548,2.266331658,2.030150754,1.587939698,1.020100503,0.341708543,0.27638191,0.155778894,0.281407035,0.050251256,0.005025126,0.725609756,0.686585366,0.745121951,0.279220779,0.215909091,0.258116883,2
Ang Akong Suod Nga Higala,69,7,1.5,4.724637681,9.857142857,2.072463768,1,0.463768116,2.072463768,1.739130435,1.420289855,0.797101449,0.31884058,0.217391304,0.15942029,0.31884058,0.043478261,0,0.6692607,0.680933852,0.700389105,0.328042328,0.26984127,0.375661376,2
Ang Akong Tatay ug Nanay,83,10,1.272727273,4.421686747,8.3,1.927710843,0,0.21686747,1.927710843,1.698795181,1.445783133,0.819277108,0.192771084,0.144578313,0.060240964,0.084337349,0.012048193,0,0.809859155,0.785211268,0.816901408,0.333333333,0.288557214,0.353233831,2
Ang Among Iring,82,7,1.125,4.609756098,11.71428571,1.975609756,2,0.56097561,1.975609756,1.43902439,1.414634146,0.707317073,0.426829268,0.304878049,0.109756098,0.243902439,0.024390244,0,0.682432432,0.668918919,0.75,0.353488372,0.297674419,0.395348837,2
Ang Among Lungsod sa Cordova,292,54,1.090909091,5.445205479,5.407407407,2.297945205,10,0.582191781,2.297945205,2.006849315,1.654109589,1.034246575,0.5,0.383561644,0.267123288,0.45890411,0.037671233,0.006849315,0.604813665,0.600931677,0.63121118,0.185598377,0.173427992,0.230223124,2
Ang Baha sa Siyudad,101,21,0,4.673267327,4.80952381,2.01980198,0,0.336633663,2.01980198,1.772277228,1.465346535,0.871287129,0.287128713,0.148514851,0.168316832,0.217821782,0.02970297,0,0.716216216,0.710810811,0.735135135,0.215613383,0.223048327,0.241635688,2
Ang Baha,129,27,1.035714286,5.015503876,4.777777778,2.108527132,3,0.449612403,2.108527132,1.775193798,1.689922481,0.92248062,0.426356589,0.240310078,0.147286822,0.263565891,0.031007752,0,0.738878143,0.729206963,0.752417795,0.273195876,0.231958763,0.293814433,2
Ang Barangay Kalipay,129,25,1.115384615,4.852713178,5.16,2.100775194,3,0.395348837,2.100775194,1.829457364,1.496124031,0.914728682,0.333333333,0.224806202,0.19379845,0.271317829,0.07751938,0,0.695121951,0.660569106,0.695121951,0.233333333,0.208333333,0.263888889,2
Ang Bata,58,5,1.666666667,4.879310345,11.6,2,0,0.465517241,2,1.793103448,1.551724138,0.965517241,0.275862069,0.224137931,0.224137931,0.362068966,0.051724138,0,0.674107143,0.65625,0.714285714,0.295180723,0.271084337,0.325301205,2
Ang Batang Bayani,166,34,0,5.024096386,4.882352941,2.174698795,6,0.337349398,2.174698795,1.951807229,1.662650602,0.975903614,0.289156627,0.198795181,0.15060241,0.204819277,0.018072289,0,0.767371601,0.776435045,0.803625378,0.368635438,0.283095723,0.378818737,2
Ang Batang Kugihan,201,40,0,5.47761194,5.025,2.323383085,10,0.567164179,2.323383085,2.004975124,1.721393035,1.014925373,0.512437811,0.343283582,0.23880597,0.368159204,0.054726368,0.014925373,0.699888018,0.70324748,0.724524076,0.335276968,0.294460641,0.362973761,2
Ang Batang Maldito,124,25,0,4.741935484,4.96,2.137096774,1,0.282258065,2.137096774,1.75,1.483870968,0.758064516,0.25,0.209677419,0.10483871,0.193548387,0.024193548,0,0.686403509,0.653508772,0.725877193,0.307692308,0.227692308,0.329230769,2
Ang Butang na Nalimtan,61,15,0,5.409836066,4.066666667,2.327868852,0,0.442622951,2.327868852,1.950819672,1.721311475,0.983606557,0.442622951,0.245901639,0.196721311,0.31147541,0.032786885,0.016393443,0.652985075,0.619402985,0.649253731,0.223300971,0.208737864,0.257281553,2
Ang Computer,122,22,0,5.032786885,5.545454545,2.278688525,2,0.336065574,2.278688525,1.901639344,1.704918033,0.901639344,0.237704918,0.18852459,0.090163934,0.196721311,0,0,0.733197556,0.716904277,0.773930754,0.277173913,0.239130435,0.339673913,2
Ang Dag-om sa Kalangitan,337,30,2.7,4.893175074,11.23333333,1.994065282,13,0.635014837,1.994065282,1.522255193,1.46884273,0.792284866,0.462908012,0.293768546,0.264094955,0.400593472,0.091988131,0.03264095,0.522885958,0.541505043,0.539177657,0.14884696,0.162473795,0.178197065,2
Ang Dako ug Balhibuong Khyaa,169,25,2.75,4.355029586,6.76,1.869822485,4,0.485207101,1.869822485,1.50887574,1.118343195,0.644970414,0.360946746,0.230769231,0.159763314,0.313609467,0.029585799,0.017751479,0.706713781,0.708480565,0.715547703,0.255050505,0.224747475,0.277777778,2
Ang Inahan,58,5,1.5,4.862068966,11.6,2.155172414,0,0.327586207,2.155172414,1.862068966,1.586206897,0.827586207,0.189655172,0.137931034,0.051724138,0.189655172,0.017241379,0,0.708520179,0.735426009,0.757847534,0.327272727,0.272727273,0.387878788,2
Ang Iro ni Miro,68,11,1.083333333,4.647058824,6.181818182,2.161764706,0,0.25,2.161764706,1.823529412,1.441176471,0.794117647,0.191176471,0.161764706,0.102941176,0.191176471,0,0,0.546558704,0.574898785,0.522267206,0.195530726,0.156424581,0.162011173,2
Ang Kabaw sa Bukid,85,17,0,4.576470588,5,1.988235294,0,0.258823529,1.988235294,1.717647059,1.505882353,0.847058824,0.211764706,0.129411765,0.105882353,0.176470588,0,0,0.675585284,0.662207358,0.725752508,0.261904762,0.242857143,0.29047619,2
Ang Kinabuhi ni Edwards,129,25,1.038461538,4.937984496,5.16,2.108527132,1,0.472868217,2.108527132,1.798449612,1.581395349,0.88372093,0.410852713,0.248062016,0.162790698,0.271317829,0.108527132,0,0.673913043,0.648221344,0.707509881,0.24137931,0.196286472,0.270557029,2
Ang Klasmet kong Buta,73,11,0,4.520547945,6.636363636,1.945205479,1,0.465753425,1.945205479,1.671232877,1.315068493,0.835616438,0.342465753,0.273972603,0.123287671,0.301369863,0.04109589,0,0.680933852,0.696498054,0.723735409,0.27027027,0.264864865,0.32972973,2
Ang Langub sa Igutan,110,16,1.235294118,5.145454545,6.875,2.245454545,4,0.381818182,2.245454545,2,1.663636364,1.018181818,0.327272727,0.236363636,0.218181818,0.290909091,0.027272727,0,0.696035242,0.715859031,0.737885463,0.289017341,0.248554913,0.320809249,2
Ang Lapis,96,12,1.384615385,4.760416667,8,2.0625,2,0.375,2.0625,1.677083333,1.5625,0.802083333,0.291666667,0.15625,0.135416667,0.229166667,0.020833333,0,0.688888889,0.708333333,0.688888889,0.234848485,0.223484848,0.291666667,2
Ang Makililimos,115,19,1.2,5.443478261,6.052631579,2.452173913,8,0.32173913,2.452173913,2.069565217,1.904347826,1.052173913,0.304347826,0.208695652,0.07826087,0.139130435,0.017391304,0,0.771203156,0.73964497,0.806706114,0.347826087,0.301790281,0.411764706,2
Ang Managhigalang Alibangbang,172,16,1.823529412,5.290697674,10.75,2.203488372,10,0.610465116,2.203488372,1.912790698,1.61627907,0.947674419,0.505813953,0.389534884,0.255813953,0.389534884,0.081395349,0.005813953,0.742155525,0.740791269,0.774897681,0.346499102,0.317773788,0.382405745,2
Ang Mga Hayop sa Bukid,118,73,1.055555556,4.906779661,1.616438356,2.194915254,2,0.347457627,2.194915254,1.796610169,1.56779661,0.889830508,0.305084746,0.186440678,0.186440678,0.262711864,0.025423729,0,0.610869565,0.576086957,0.639130435,0.201754386,0.175438596,0.248538012,2
Ang mga kahoy,133,22,0,4.691729323,6.045454545,1.962406015,0,0.390977444,1.962406015,1.69924812,1.556390977,0.879699248,0.308270677,0.210526316,0.105263158,0.187969925,0.007518797,0,0.696537678,0.67413442,0.706720978,0.281337047,0.270194986,0.331476323,2
Ang mga Magulang ug Manghud nga,115,12,1.153846154,4.408695652,9.583333333,1.747826087,2,0.582608696,1.747826087,1.504347826,1.226086957,0.8,0.452173913,0.330434783,0.165217391,0.347826087,0.034782609,0,0.696428571,0.676020408,0.721938776,0.393501805,0.346570397,0.386281588,2
Ang Ngipon ni Nilo,305,61,1.333333333,4.950819672,5,2.121311475,4,0.409836066,2.121311475,1.852459016,1.540983607,0.931147541,0.327868852,0.232786885,0.190163934,0.301639344,0.013114754,0.003278689,0.663598326,0.654393305,0.687029289,0.256526674,0.223609535,0.309875142,2
Ang Pag-apil ni Sutiha sa Lalumba sang Karang,302,37,1.423076923,4.735099338,8.162162162,2.072847682,10,0.466887417,2.072847682,1.761589404,1.344370861,0.745033113,0.311258278,0.208609272,0.175496689,0.370860927,0.023178808,0.003311258,0.634821429,0.623214286,0.640178571,0.230864198,0.214814815,0.258024691,2
Ang Pagkiay ni Ikay,121,17,0,4.991735537,7.117647059,2.132231405,1,0.487603306,2.132231405,1.752066116,1.603305785,0.933884298,0.41322314,0.26446281,0.181818182,0.305785124,0.066115702,0.008264463,0.720833333,0.7125,0.74375,0.305322129,0.257703081,0.324929972,2
Ang Pagluwas sa Kinaiyahan,306,56,1.01754386,5.401960784,5.464285714,2.274509804,22,0.552287582,2.274509804,1.973856209,1.741830065,1.009803922,0.467320261,0.326797386,0.225490196,0.392156863,0.039215686,0,0.72815534,0.737864078,0.771471247,0.300487805,0.272195122,0.351219512,2
Ang Pagsisipilyo Dili Sadya,694,100,1.518518519,4.798270893,6.94,2.027377522,10,0.481268012,2.027377522,1.721902017,1.475504323,0.883285303,0.44092219,0.296829971,0.191642651,0.296829971,0.05907781,0.001440922,0.690194582,0.658908813,0.719191148,0.25782881,0.227557411,0.294363257,2
Ang Pamilya Villa,64,11,1.083333333,4.96875,5.818181818,2.109375,0,0.546875,2.109375,1.859375,1.421875,0.84375,0.46875,0.296875,0.171875,0.40625,0.0625,0,0.652173913,0.596837945,0.648221344,0.216931217,0.185185185,0.238095238,2
Ang Panahon,91,18,0,4.901098901,5.055555556,2.153846154,0,0.406593407,2.153846154,1.714285714,1.637362637,0.901098901,0.373626374,0.164835165,0.131868132,0.197802198,0.010989011,0,0.65915493,0.690140845,0.729577465,0.295454545,0.223484848,0.375,2
Ang Panganod nga Basura,885,90,1.356164384,4.93559322,9.833333333,2.110734463,24,0.46440678,2.110734463,1.804519774,1.534463277,0.844067797,0.348022599,0.224858757,0.166101695,0.310734463,0.029378531,0.004519774,0.711393869,0.704742626,0.727877386,0.295686275,0.261960784,0.337254902,2
Ang Prinsipe ug ang Tigre,460,74,1.326923077,4.654347826,6.216216216,1.956521739,5,0.502173913,1.956521739,1.706521739,1.352173913,0.806521739,0.369565217,0.267391304,0.143478261,0.336956522,0.063043478,0.015217391,0.686638706,0.69382864,0.715997603,0.305254379,0.237698082,0.320266889,2
Ang punuan sa kumpang,160,26,0,4.91875,6.153846154,2.00625,0,0.56875,2.00625,1.73125,1.4875,0.925,0.50625,0.29375,0.21875,0.30625,0.1125,0,0.689935065,0.709415584,0.688311688,0.304932735,0.264573991,0.334080717,2
Ang Regalo ni Lito ug Selo,140,23,1.086956522,4.907142857,6.086956522,2.1,2,0.4,2.1,1.8,1.55,0.978571429,0.364285714,0.3,0.142857143,0.214285714,0.028571429,0,0.641681901,0.638025594,0.672760512,0.299019608,0.242647059,0.318627451,2
Ang regalong relo,373,37,2.297297297,4.597855228,10.08108108,1.839142091,11,0.573726542,1.839142091,1.45308311,1.351206434,0.764075067,0.420911528,0.27613941,0.209115282,0.332439678,0.072386059,0.026809651,0.47593985,0.510526316,0.486466165,0.141683778,0.160164271,0.154004107,2
Ang Sista ni Tatay,71,9,1.2,4.887323944,7.888888889,2.070422535,0,0.464788732,2.070422535,1.887323944,1.464788732,0.915492958,0.408450704,0.295774648,0.14084507,0.323943662,0.070422535,0,0.766423358,0.744525547,0.751824818,0.280788177,0.236453202,0.315270936,2
Ang Sudlay ni Pipay,49,6,0,4.714285714,8.166666667,1.959183673,0,0.367346939,1.959183673,1.755102041,1.530612245,0.93877551,0.306122449,0.224489796,0.163265306,0.204081633,0.040816327,0,0.692307692,0.653846154,0.703296703,0.231343284,0.194029851,0.26119403,2
Ang Sulod sa Libro,324,37,1.608695652,4.388888889,8.756756757,1.935185185,4,0.345679012,1.935185185,1.583333333,1.299382716,0.712962963,0.25617284,0.175925926,0.080246914,0.200617284,0.012345679,0.009259259,0.699179581,0.68094804,0.737465816,0.256476684,0.238341969,0.292746114,2
Ang Sulondon nga Bata,170,30,1.032258065,5.305882353,5.666666667,2.317647059,9,0.4,2.317647059,2.076470588,1.711764706,1.035294118,0.364705882,0.270588235,0.170588235,0.288235294,0.029411765,0,0.711325967,0.715469613,0.741712707,0.301645338,0.23583181,0.33820841,2
Ang Sulti ni Nanay,201,38,1.052631579,5.253731343,5.289473684,2.149253731,10,0.552238806,2.149253731,1.945273632,1.656716418,1.009950249,0.47761194,0.402985075,0.213930348,0.343283582,0.034825871,0,0.735224586,0.726950355,0.75177305,0.326530612,0.284144427,0.309262166,2
Ang Suod nga Managhigala,175,31,1.03125,5.257142857,5.64516129,2.32,15,0.377142857,2.32,2.057142857,1.702857143,0.982857143,0.32,0.245714286,0.188571429,0.262857143,0.011428571,0,0.77027027,0.745945946,0.782432432,0.340463458,0.276292335,0.390374332,2
Ang Tinubdan,85,15,1.125,5.129411765,5.666666667,2.223529412,2,0.411764706,2.223529412,1.952941176,1.647058824,0.976470588,0.341176471,0.247058824,0.2,0.329411765,0.035294118,0,0.654285714,0.637142857,0.674285714,0.210526316,0.195488722,0.233082707,2
Ang Trabahanteng Olmigas,73,8,1.111111111,5.246575342,9.125,2.260273973,2,0.602739726,2.260273973,1.821917808,1.671232877,0.931506849,0.493150685,0.301369863,0.273972603,0.410958904,0.054794521,0,0.676375405,0.692556634,0.708737864,0.23628692,0.17721519,0.291139241,2
Ang Tuna ug ang Pula nga Lumot,924,79,1.745762712,4.350649351,11.69620253,1.847402597,14,0.393939394,1.847402597,1.596320346,1.25,0.755411255,0.291125541,0.218614719,0.125541126,0.277056277,0.021645022,0.001082251,0.706187237,0.702623907,0.726271461,0.312326228,0.265060241,0.334105653,2
Ang Una Na Operasyon ni Dr Sokha,1035,102,1.534883721,4.574879227,10.14705882,1.951690821,9,0.445410628,1.951690821,1.676328502,1.352657005,0.812560386,0.360386473,0.265700483,0.137198068,0.297584541,0.018357488,0.001932367,0.702827624,0.698477433,0.729472539,0.312118902,0.275152439,0.341463415,2
Ang Unlan ni Nanay,66,11,0,4.590909091,6,1.863636364,0,0.46969697,1.863636364,1.560606061,1.545454545,0.863636364,0.409090909,0.151515152,0.257575758,0.303030303,0.03030303,0,0.711864407,0.724576271,0.741525424,0.352941176,0.258823529,0.347058824,2
Ang Upat ka Hayop,124,21,1.095238095,4.717741935,5.904761905,2.137096774,3,0.25,2.137096774,1.830645161,1.564516129,0.846774194,0.193548387,0.112903226,0.10483871,0.161290323,0.008064516,0,0.72428884,0.693654267,0.75273523,0.287878788,0.203030303,0.327272727,2
Ang Valentines Card,384,39,2.35,4.776041667,9.846153846,1.940104167,9,0.59375,1.940104167,1.497395833,1.466145833,0.778645833,0.440104167,0.2890625,0.2265625,0.359375,0.0546875,0.026041667,0.486768802,0.497214485,0.504178273,0.144329897,0.155576382,0.151827554,2
Ang Wati,247,52,1.130434783,4.631578947,4.75,1.979757085,2,0.408906883,1.979757085,1.753036437,1.360323887,0.866396761,0.32388664,0.210526316,0.113360324,0.226720648,0.032388664,0.008097166,0.710290828,0.687919463,0.743847875,0.262015504,0.260465116,0.299224806,2
Ayaw Patinguga ang Kampana,294,34,2.105263158,4.704081633,8.647058824,2.017006803,4,0.418367347,2.017006803,1.795918367,1.421768707,0.829931973,0.343537415,0.25170068,0.149659864,0.255102041,0.020408163,0,0.674632353,0.680147059,0.686580882,0.261964736,0.248110831,0.289672544,2
Baryo Rosas,432,30,1.322580645,4.710648148,14.4,1.956018519,4,0.546296296,1.956018519,1.664351852,1.423611111,0.798611111,0.421296296,0.289351852,0.125,0.333333333,0.006944444,0,0.72407291,0.722187304,0.759899434,0.340017437,0.305143854,0.407149085,2
Basketbol,59,6,0,5.033898305,9.833333333,2.101694915,0,0.542372881,2.101694915,1.898305085,1.525423729,1.118644068,0.474576271,0.288135593,0.254237288,0.389830508,0.169491525,0,0.542016807,0.558823529,0.596638655,0.184357542,0.150837989,0.223463687,2
Cilly Cellphone,195,56,0,4.307692308,3.482142857,1.825641026,1,0.307692308,1.825641026,1.605128205,1.169230769,0.764102564,0.287179487,0.230769231,0.123076923,0.143589744,0.005128205,0,0.663536776,0.608763693,0.672926448,0.287671233,0.207762557,0.303652968,2
Computer,127,18,1.157894737,4.960629921,7.055555556,2.118110236,1,0.448818898,2.118110236,1.850393701,1.559055118,0.929133858,0.385826772,0.299212598,0.181102362,0.31496063,0.031496063,0,0.586826347,0.562874251,0.624750499,0.178666667,0.189333333,0.234666667,2
Eskwelahan,81,16,1.058823529,5.87654321,5.0625,2.481481481,2,0.530864198,2.481481481,2.209876543,1.987654321,1.209876543,0.432098765,0.320987654,0.271604938,0.456790123,0.037037037,0,0.644501279,0.639386189,0.670076726,0.212418301,0.202614379,0.258169935,2
Gutom Kaayo Ko,171,17,3.625,4.736842105,10.05882353,2.210526316,7,0.304093567,2.210526316,1.707602339,1.555555556,0.795321637,0.280701754,0.175438596,0.105263158,0.16374269,0,0,0.68288854,0.662480377,0.701726845,0.264516129,0.24516129,0.305376344,2
Himsog nga Lawas,63,7,0,5.857142857,9,2.349206349,4,0.698412698,2.349206349,2.158730159,1.777777778,1.222222222,0.555555556,0.380952381,0.333333333,0.587301587,0.111111111,0.015873016,0.6875,0.634868421,0.690789474,0.241666667,0.2,0.3,2
Hoy Makaw,121,20,1.375,4.776859504,6.05,1.94214876,1,0.404958678,1.94214876,1.685950413,1.636363636,0.950413223,0.280991736,0.20661157,0.115702479,0.280991736,0.016528926,0,0.687361419,0.700665188,0.711751663,0.231707317,0.213414634,0.24695122,2
Importante ang Gatas,315,29,2.551724138,4.603174603,10.86206897,1.847619048,9,0.628571429,1.847619048,1.412698413,1.336507937,0.733333333,0.406349206,0.241269841,0.238095238,0.415873016,0.085714286,0.034920635,0.474621549,0.490650045,0.494211932,0.127427184,0.162621359,0.15776699,2
Kaya Sad na ni Duma,177,40,1.222222222,4.13559322,4.425,1.86440678,5,0.220338983,1.86440678,1.666666667,1.15819209,0.723163842,0.18079096,0.096045198,0.06779661,0.124293785,0.016949153,0,0.676311031,0.654611212,0.672694394,0.254010695,0.160427807,0.235294118,2
Kinsa ang Mahimo Nakong Maestro sa Abri-klase,140,23,1.357142857,5.578571429,6.086956522,2.364285714,7,0.642857143,2.364285714,1.935714286,1.664285714,0.928571429,0.535714286,0.371428571,0.228571429,0.478571429,0.064285714,0.014285714,0.564356436,0.544554455,0.579207921,0.207373272,0.156682028,0.281105991,2
Lights Camera Action,1053,97,1.646153846,5.134852802,10.8556701,2.239316239,66,0.556505223,2.239316239,1.831908832,1.572649573,0.874643875,0.458689459,0.284900285,0.231718898,0.407407407,0.040835708,0,0.65238764,0.645599251,0.678604869,0.278892073,0.243234639,0.343202802,2
Maanindot nga Kamot,181,32,0,5.08839779,5.65625,2.187845304,7,0.519337017,2.187845304,1.883977901,1.541436464,0.895027624,0.419889503,0.270718232,0.187845304,0.370165746,0.044198895,0.011049724,0.682496608,0.674355495,0.687924016,0.259927798,0.24368231,0.297833935,2
Manong Puso,285,56,1.43902439,5.098245614,5.089285714,2.263157895,21,0.456140351,2.263157895,1.852631579,1.6,0.849122807,0.389473684,0.259649123,0.207017544,0.301754386,0.028070175,0.007017544,0.615859031,0.61938326,0.651101322,0.277167277,0.257631258,0.366300366,2
Mga Bituon,101,17,0,5.257425743,5.941176471,2.227722772,2,0.514851485,2.227722772,1.97029703,1.673267327,1.00990099,0.415841584,0.316831683,0.188118812,0.366336634,0.059405941,0.00990099,0.778301887,0.797169811,0.825471698,0.317610063,0.279874214,0.364779874,2
Nangutana ang Magtutudlo,96,8,1.444444444,4.854166667,12,2.0625,2,0.59375,2.0625,1.53125,1.604166667,0.802083333,0.572916667,0.375,0.15625,0.28125,0.020833333,0,0.578804348,0.60326087,0.589673913,0.237037037,0.233333333,0.27037037,2
Oras Na,93,17,1.058823529,4.806451613,5.470588235,2.129032258,0,0.344086022,2.129032258,1.817204301,1.451612903,0.870967742,0.333333333,0.258064516,0.161290323,0.23655914,0.043010753,0.010752688,0.700854701,0.675213675,0.703703704,0.294117647,0.258823529,0.305882353,2
Pagdali-dali sa mga Drayber,163,35,1.25,5.325153374,4.657142857,2.098159509,4,0.63190184,2.098159509,1.883435583,1.601226994,0.975460123,0.478527607,0.355828221,0.245398773,0.380368098,0.042944785,0,0.679029957,0.664764622,0.714693295,0.274253731,0.23880597,0.319029851,2
Pagligid,94,17,0,4.691489362,5.529411765,2.021276596,0,0.212765957,2.021276596,1.946808511,1.521276596,1.074468085,0.212765957,0.170212766,0.053191489,0.106382979,0,0,0.624277457,0.658959538,0.682080925,0.166666667,0.142857143,0.170634921,2
Pagsuroy-suroy sa Zoo,115,19,0,4.756521739,6.052631579,2.052173913,5,0.365217391,2.052173913,1.713043478,1.530434783,0.817391304,0.295652174,0.243478261,0.208695652,0.27826087,0.008695652,0,0.676056338,0.692488263,0.718309859,0.300653595,0.274509804,0.339869281,2
Sa Among Bukid,100,20,1.142857143,5.09,5,2.13,2,0.52,2.13,1.84,1.64,0.98,0.44,0.34,0.19,0.31,0.05,0,0.686419753,0.69382716,0.733333333,0.257425743,0.247524752,0.330033003,2
Sa Merkado,99,16,1.166666667,4.535353535,6.1875,2.050505051,0,0.252525253,2.050505051,1.797979798,1.393939394,0.848484848,0.232323232,0.161616162,0.111111111,0.202020202,0,0,0.662857143,0.634285714,0.691428571,0.207171315,0.195219124,0.231075697,2
Sakong Mga Kamot,85,12,2,4.282352941,7.083333333,1.929411765,0,0.305882353,1.929411765,1.717647059,1.188235294,0.729411765,0.223529412,0.164705882,0.094117647,0.258823529,0.023529412,0,0.629496403,0.647482014,0.694244604,0.208333333,0.192708333,0.260416667,2
Si Baboy,234,44,1.15,5.02991453,5.318181818,2.162393162,9,0.401709402,2.162393162,1.905982906,1.615384615,0.961538462,0.363247863,0.252136752,0.136752137,0.252136752,0.02991453,0,0.689765458,0.682302772,0.715351812,0.294285714,0.237142857,0.324285714,2
Si Bantay ug Iyang Amigo,57,5,1.166666667,4.438596491,11.4,2,0,0.368421053,2,1.666666667,1.245614035,0.701754386,0.192982456,0.175438596,0.140350877,0.280701754,0.035087719,0.035087719,0.644329897,0.634020619,0.644329897,0.260869565,0.173913043,0.304347826,2
Si Benny ug si Betty,319,63,1.016129032,4.73354232,5.063492063,2.043887147,3,0.36677116,2.043887147,1.749216301,1.448275862,0.884012539,0.319749216,0.253918495,0.119122257,0.175548589,0.009404389,0,0.679117148,0.653650255,0.721561969,0.293978749,0.216056671,0.314049587,2
Si Chisay,53,7,0,4.924528302,7.571428571,2.169811321,0,0.396226415,2.169811321,1.867924528,1.547169811,0.849056604,0.245283019,0.150943396,0.226415094,0.283018868,0.018867925,0,0.647342995,0.661835749,0.661835749,0.220779221,0.155844156,0.25974026,2
Si Dexter,160,29,1.035714286,4.66875,5.517241379,1.94375,1,0.4,1.94375,1.7625,1.45,0.9125,0.375,0.2875,0.1875,0.24375,0.01875,0,0.58490566,0.588336192,0.617495712,0.213776722,0.197149644,0.239904988,2
Si Jojo,155,36,1.142857143,4.832258065,4.305555556,2.025806452,5,0.44516129,2.025806452,1.838709677,1.4,0.909677419,0.316129032,0.212903226,0.225806452,0.303225806,0.025806452,0,0.664974619,0.654822335,0.678510998,0.301843318,0.248847926,0.334101382,2
Si Kaba-kabaGuryon ug Maya,239,46,1.181818182,4.933054393,5.195652174,2.179916318,4,0.380753138,2.179916318,1.941422594,1.523012552,0.983263598,0.338912134,0.234309623,0.20083682,0.30125523,0.016736402,0,0.735869565,0.714130435,0.763043478,0.327794562,0.243202417,0.347432024,2
Si Ken ug Si Sandy,270,53,1.074074074,4.844444444,5.094339623,2.081481481,4,0.388888889,2.081481481,1.840740741,1.444444444,0.903703704,0.325925926,0.248148148,0.151851852,0.259259259,0.037037037,0.007407407,0.680232558,0.661821705,0.695736434,0.277410832,0.22985469,0.294583884,2
Si Lalu ang Kuwago,106,9,1.2,4.754716981,11.77777778,1.981132075,3,0.471698113,1.981132075,1.660377358,1.528301887,0.830188679,0.320754717,0.216981132,0.122641509,0.216981132,0.037735849,0,0.736708861,0.787341772,0.706329114,0.299651568,0.257839721,0.24738676,2
Si Lito,93,11,1.166666667,4.741935484,8.454545455,2.086021505,3,0.344086022,2.086021505,1.741935484,1.505376344,0.806451613,0.279569892,0.182795699,0.107526882,0.204301075,0.010752688,0.010752688,0.718390805,0.704022989,0.764367816,0.329457364,0.279069767,0.395348837,2
Si Nikko og ang nating baka,384,36,2.27027027,4.572916667,10.66666667,1.888020833,10,0.546875,1.888020833,1.471354167,1.333333333,0.747395833,0.403645833,0.2578125,0.192708333,0.330729167,0.059895833,0.026041667,0.536029412,0.555882353,0.540441176,0.173038229,0.188128773,0.177062374,2
Si Pila ug Pilo Koneho,128,24,1.04,4.78125,5.333333333,2.125,0,0.2578125,2.125,1.953125,1.5,0.9609375,0.2109375,0.1875,0.1328125,0.1953125,0.0078125,0,0.678496868,0.638830898,0.705636743,0.299711816,0.213256484,0.345821326,2
Si Susing Kanding,159,29,1.066666667,4.918238994,5.482758621,2.025157233,2,0.540880503,2.025157233,1.773584906,1.503144654,0.93081761,0.503144654,0.364779874,0.20754717,0.264150943,0.081761006,0,0.723916533,0.706260032,0.74317817,0.348387097,0.296774194,0.341935484,2
Si Zeny ug Bogi,85,17,1.111111111,3.905882353,5,1.752941176,0,0.176470588,1.752941176,1.541176471,1.082352941,0.717647059,0.164705882,0.164705882,0.070588235,0.070588235,0,0,0.487704918,0.520491803,0.56557377,0.210191083,0.152866242,0.197452229,2
Unsay naa sa Aninipot,212,23,1.333333333,4.674528302,9.217391304,1.971698113,4,0.485849057,1.971698113,1.712264151,1.396226415,0.825471698,0.33490566,0.221698113,0.174528302,0.311320755,0.018867925,0.004716981,0.690414508,0.689119171,0.712435233,0.285714286,0.254972875,0.309222423,2
Usa ka Batang Babaye na Nagtubo,96,4,1.4,4.854166667,24,2.166666667,1,0.385416667,2.166666667,1.864583333,1.46875,0.760416667,0.3125,0.25,0.125,0.25,0.010416667,0,0.696721311,0.693989071,0.754098361,0.270676692,0.244360902,0.37593985,2
Ang Atup nga Hardin,529,48,1.55,4.516068053,11.02083333,1.935727788,6,0.412098299,1.935727788,1.648393195,1.406427221,0.814744802,0.306238185,0.224952741,0.126654064,0.264650284,0.011342155,0,0.733766234,0.731601732,0.765151515,0.331039755,0.301987768,0.407492355,3
Ang Bag ong Silingan ni Sambag,445,43,1.459459459,4.725842697,10.34883721,2.008988764,12,0.44494382,2.008988764,1.734831461,1.42247191,0.853932584,0.370786517,0.265168539,0.191011236,0.303370787,0.015730337,0,0.732885086,0.740831296,0.768948655,0.297274276,0.265758092,0.336456559,3
Ang Bala ni Nonoy,126,24,1.12,4.626984127,5.25,1.992063492,3,0.388888889,1.992063492,1.706349206,1.46031746,0.817460317,0.30952381,0.214285714,0.111111111,0.246031746,0.015873016,0,0.693333333,0.695555556,0.717777778,0.2875,0.253125,0.325,3
Ang Bandila sa Pilipinas,255,18,1.789473684,4.874509804,14.16666667,2.082352941,3,0.521568627,2.082352941,1.760784314,1.470588235,0.874509804,0.403921569,0.250980392,0.22745098,0.376470588,0.054901961,0.003921569,0.686673449,0.667344863,0.698880977,0.264827586,0.228965517,0.300689655,3
Ang Buangon nga Manok,811,71,2.404761905,4.789149199,11.42253521,2.032059186,18,0.437731196,2.032059186,1.768187423,1.442663379,0.844636252,0.337854501,0.237977805,0.167694205,0.318125771,0.038224414,0.01972873,0.659497022,0.651555261,0.709463931,0.282015719,0.245030051,0.33148405,3
Ang Bulan ug ang Kalo,222,22,1.428571429,4.594594595,10.09090909,1.963963964,3,0.432432432,1.963963964,1.644144144,1.400900901,0.824324324,0.351351351,0.252252252,0.130630631,0.243243243,0.022522523,0,0.706480305,0.719186785,0.738246506,0.305054152,0.267148014,0.306859206,3
Ang Daku nga Panghunuhuna ni Darshana,998,88,1.542857143,4.72244489,11.34090909,1.980961924,26,0.512024048,1.980961924,1.716432866,1.371743487,0.856713427,0.403807615,0.300601202,0.20741483,0.371743487,0.041082164,0,0.693452381,0.698863636,0.722402597,0.270491803,0.2414307,0.319672131,3
Ang Damgu,138,13,1.25,4.543478261,10.61538462,1.934782609,2,0.391304348,1.934782609,1.579710145,1.456521739,0.782608696,0.304347826,0.202898551,0.108695652,0.224637681,0.02173913,0.007246377,0.617283951,0.644032922,0.697530864,0.282420749,0.236311239,0.331412104,3
Ang Dollhouse,550,76,1.37254902,4.750909091,7.236842105,2.018181818,8,0.518181818,2.018181818,1.696363636,1.38,0.852727273,0.430909091,0.309090909,0.201818182,0.370909091,0.029090909,0.009090909,0.647632992,0.635431918,0.676427526,0.243443174,0.228648285,0.283792872,3
Ang Elepante sa Akong Balay,445,43,1.384615385,4.658426966,10.34883721,2.040449438,8,0.348314607,2.040449438,1.705617978,1.505617978,0.775280899,0.294382022,0.208988764,0.105617978,0.22247191,0.008988764,0,0.679455446,0.683787129,0.712871287,0.31147541,0.252804142,0.350301984,3
Ang Espesyal nga Dram,244,56,1.208333333,4.655737705,4.357142857,1.909836066,3,0.479508197,1.909836066,1.545081967,1.459016393,0.87704918,0.389344262,0.241803279,0.204918033,0.303278689,0.032786885,0,0.665168539,0.680898876,0.691011236,0.257763975,0.251552795,0.302795031,3
Ang Galutaw nga Tanaman,563,65,1.339622642,4.801065719,8.661538462,2.037300178,3,0.465364121,2.037300178,1.682060391,1.476021314,0.841918295,0.392539964,0.252220249,0.143872114,0.301953819,0.026642984,0.001776199,0.713480507,0.72992015,0.743071865,0.336112893,0.305965362,0.364336113,3
Ang Gamay nga Uwak,187,11,1.333333333,4.540106952,17,1.930481283,0,0.43315508,1.930481283,1.529411765,1.422459893,0.748663102,0.304812834,0.20855615,0.117647059,0.245989305,0.010695187,0,0.708396947,0.719083969,0.755725191,0.336933045,0.323974082,0.367170626,3
Ang Go Bag ni Buboy,211,19,1.3125,4.644549763,11.10526316,1.872037915,8,0.473933649,1.872037915,1.625592417,1.431279621,0.838862559,0.355450237,0.289099526,0.156398104,0.203791469,0.033175355,0.004739336,0.747712418,0.754248366,0.741176471,0.321880651,0.298372514,0.31283906,3
Ang Gusto ni Unni,682,83,1.482758621,4.560117302,8.21686747,1.951612903,14,0.480938416,1.951612903,1.662756598,1.324046921,0.747800587,0.382697947,0.237536657,0.171554252,0.353372434,0.046920821,0.008797654,0.690713101,0.683665008,0.713930348,0.273892774,0.224358974,0.303613054,3
Ang Higante nga Bentelador,432,38,2.269230769,4.826388889,11.36842105,2.018518519,13,0.43287037,2.018518519,1.699074074,1.486111111,0.875,0.391203704,0.268518519,0.180555556,0.296296296,0.030092593,0.00462963,0.606811146,0.611145511,0.656346749,0.223385689,0.22425829,0.30017452,3
Ang Humanitarian,416,30,1.821428571,4.766826923,13.86666667,2.009615385,15,0.550480769,2.009615385,1.725961538,1.387019231,0.805288462,0.367788462,0.240384615,0.163461538,0.389423077,0.028846154,0.002403846,0.68974359,0.701282051,0.709615385,0.283712785,0.248686515,0.305604203,3
Ang Ilaga ug Baki nang itag Mangga,200,18,1.933333333,4.56,11.11111111,2.015,4,0.39,2.015,1.66,1.335,0.76,0.31,0.19,0.12,0.25,0.015,0.005,0.789250354,0.743988685,0.823196605,0.40438247,0.332669323,0.466135458,3
Ang Iro ni Dennis,176,33,1.029411765,4.732954545,5.333333333,1.977272727,1,0.448863636,1.977272727,1.789772727,1.414772727,0.926136364,0.426136364,0.352272727,0.170454545,0.306818182,0.022727273,0,0.56202144,0.578866769,0.572741194,0.185654008,0.187763713,0.244725738,3
Ang Isog nga Langgam,442,30,1.533333333,4.619909502,14.73333333,1.966063348,2,0.436651584,1.966063348,1.676470588,1.371040724,0.805429864,0.346153846,0.233031674,0.156108597,0.280542986,0.020361991,0,0.706473916,0.725329981,0.736015085,0.309982487,0.294220665,0.345884413,3
Ang Kahayag sa Buwan,105,13,1.071428571,5.19047619,8.076923077,2.2,5,0.371428571,2.2,1.99047619,1.723809524,1.019047619,0.323809524,0.219047619,0.171428571,0.238095238,0.047619048,0.00952381,0.762557078,0.744292237,0.783105023,0.290030211,0.208459215,0.283987915,3
Ang Konsyerto Para sa Tinginit,635,86,1.607142857,5.28976378,7.38372093,2.138582677,20,0.677165354,2.138582677,1.8,1.6,0.960629921,0.57007874,0.379527559,0.28503937,0.492913386,0.092913386,0,0.667787743,0.664424514,0.700672646,0.294088176,0.25751503,0.359719439,3
Ang Maayong Magtutudlo,371,50,1.5,4.843665768,7.42,2.07277628,10,0.482479784,2.07277628,1.757412399,1.442048518,0.824797844,0.431266846,0.285714286,0.153638814,0.318059299,0.037735849,0.005390836,0.651278409,0.656960227,0.647727273,0.271835132,0.256133464,0.290480864,3
Ang Magig-agaw,139,12,1.307692308,4.741007194,11.58333333,2.021582734,2,0.424460432,2.021582734,1.73381295,1.525179856,0.870503597,0.345323741,0.273381295,0.165467626,0.258992806,0.035971223,0.007194245,0.744140625,0.732421875,0.779296875,0.349726776,0.265027322,0.404371585,3
Ang Mahikang Kabayo,3581,201,2.203125,4.859257191,17.8159204,2.058922089,129,0.54091036,2.058922089,1.736944987,1.435074002,0.824629992,0.39486177,0.263892767,0.196872382,0.392069254,0.049986037,0.003351019,0.666348974,0.668695015,0.69516129,0.277166784,0.253859348,0.335586722,3
Ang Mangtas ug ang mga Nawa na Kukis,418,49,1.533333333,4.531100478,8.530612245,1.954545455,9,0.43062201,1.954545455,1.648325359,1.332535885,0.767942584,0.327751196,0.220095694,0.167464115,0.320574163,0.016746411,0,0.690362269,0.696514012,0.706766917,0.296618357,0.284057971,0.317874396,3
Ang Mga Hayop sa Bukid,118,73,1.055555556,4.906779661,1.616438356,2.194915254,2,0.347457627,2.194915254,1.796610169,1.56779661,0.889830508,0.305084746,0.186440678,0.186440678,0.262711864,0.025423729,0,0.610869565,0.576086957,0.639130435,0.201754386,0.175438596,0.248538012,3
Ang Pamilya,164,13,1.357142857,4.695121951,12.61538462,2.024390244,1,0.487804878,2.024390244,1.676829268,1.426829268,0.731707317,0.37804878,0.243902439,0.12195122,0.292682927,0.018292683,0,0.740066225,0.708609272,0.754966887,0.325740319,0.261958998,0.369020501,3
Ang Panaw nila Tiwi ug Boni,325,73,1.203703704,5.255384615,4.452054795,2.215384615,17,0.56,2.215384615,1.901538462,1.655384615,1,0.470769231,0.353846154,0.28,0.381538462,0.033846154,0.006153846,0.710622711,0.695238095,0.741391941,0.309197652,0.278864971,0.36888454,3
Ang Pula na Sapatos,104,8,1.333333333,4.817307692,13,2.028846154,1,0.403846154,2.028846154,1.769230769,1.586538462,0.932692308,0.355769231,0.240384615,0.105769231,0.163461538,0.067307692,0,0.820253165,0.779746835,0.787341772,0.419243986,0.350515464,0.371134021,3
Ang Puno-an sa Kinabuhi,196,15,1.571428571,4.408163265,13.06666667,1.923469388,2,0.37755102,1.923469388,1.62244898,1.306122449,0.734693878,0.265306122,0.163265306,0.12244898,0.260204082,0.025510204,0,0.66969697,0.671212121,0.713636364,0.227571116,0.218818381,0.301969365,3
Ang Selosong Panganod,486,42,1.648648649,4.726337449,11.57142857,2.037037037,8,0.382716049,2.037037037,1.730452675,1.532921811,0.895061728,0.318930041,0.191358025,0.176954733,0.261316872,0.018518519,0.004115226,0.732963989,0.738504155,0.778947368,0.291476408,0.255707763,0.353881279,3
Ang Tigre sa Trapiko,447,31,1.88,4.648769575,14.41935484,1.977628635,11,0.492170022,1.977628635,1.695749441,1.360178971,0.738255034,0.326621924,0.223713647,0.154362416,0.355704698,0.029082774,0,0.688930118,0.709338281,0.73283859,0.312013829,0.264477096,0.341400173,3
Ang Tiguwang nga Babaye ug ang Agila,709,56,1.863636364,4.355430183,12.66071429,1.913963329,8,0.431593794,1.913963329,1.576868829,1.267983075,0.705218618,0.289139633,0.176304654,0.10719323,0.276445698,0.008462623,0.001410437,0.72615515,0.740991946,0.788893599,0.329462103,0.292787286,0.407701711,3
Ang Tortillas ni Ana,276,19,1.15,4.605072464,14.52631579,2.010869565,3,0.456521739,2.010869565,1.634057971,1.384057971,0.760869565,0.387681159,0.257246377,0.144927536,0.286231884,0.050724638,0,0.734549139,0.715298886,0.766970618,0.330014225,0.301564723,0.351351351,3
Ang Uhaw nga Langgam,261,28,1.185185185,4.586206897,9.321428571,2.011494253,1,0.302681992,2.011494253,1.662835249,1.490421456,0.827586207,0.245210728,0.122605364,0.099616858,0.180076628,0.007662835,0,0.707659115,0.730312837,0.716289105,0.302431611,0.215805471,0.300911854,3
Ang Unang Higala ni Iko,431,52,1.578947368,4.709976798,8.288461538,2.069605568,9,0.39675174,2.069605568,1.691415313,1.422273782,0.788863109,0.348027842,0.245939675,0.146171694,0.269141531,0.025522042,0,0.7,0.698726115,0.736942675,0.293800539,0.247079964,0.336927224,3
Ang Utokang Baki,684,84,1.370967742,4.640350877,8.142857143,2.040935673,10,0.384502924,2.040935673,1.739766082,1.423976608,0.839181287,0.328947368,0.233918129,0.122807018,0.216374269,0.021929825,0,0.705501618,0.692556634,0.735436893,0.322453573,0.281373101,0.370849747,3
Ang Utukan nga Bata nga Lalaki ug ang Makalilisang Peligroso nga Hayop,707,74,2.11627907,4.575671853,9.554054054,2.001414427,18,0.451202263,2.001414427,1.674681754,1.340876945,0.770862801,0.329561528,0.185289958,0.140028289,0.311173975,0.022630835,0,0.725568408,0.725967292,0.769046669,0.319101124,0.27247191,0.380337079,3
Ang Wala Gidahom nga Abyan,976,99,1.418604651,4.701844262,9.858585859,2.005122951,11,0.469262295,2.005122951,1.732581967,1.367827869,0.819672131,0.346311475,0.25,0.153688525,0.339139344,0.031762295,0.006147541,0.687848384,0.69425864,0.710981048,0.29563875,0.260903126,0.306445388,3
Ang-Plastik nga Bag ni Tok,325,35,1.703703704,4.532307692,9.285714286,1.867692308,1,0.510769231,1.867692308,1.56,1.390769231,0.824615385,0.378461538,0.249230769,0.135384615,0.313846154,0.046153846,0,0.710272169,0.683933275,0.741878841,0.29280397,0.280397022,0.347394541,3
Bakuna,138,14,1.846153846,5.065217391,9.857142857,2.210144928,6,0.442028986,2.210144928,1.768115942,1.688405797,0.949275362,0.384057971,0.253623188,0.144927536,0.231884058,0.028985507,0,0.689839572,0.675579323,0.71657754,0.281323877,0.264775414,0.361702128,3
Bea ug Ming-su,106,8,1.333333333,4.613207547,13.25,2.037735849,0,0.349056604,2.037735849,1.726415094,1.320754717,0.754716981,0.29245283,0.245283019,0.103773585,0.273584906,0.009433962,0,0.675675676,0.656756757,0.702702703,0.296442688,0.245059289,0.363636364,3
Emma,386,35,1.923076923,4.816062176,11.02857143,2.077720207,7,0.546632124,2.077720207,1.743523316,1.398963731,0.787564767,0.430051813,0.269430052,0.196891192,0.443005181,0.044041451,0,0.68989071,0.683060109,0.717213115,0.274509804,0.255835668,0.330532213,3
Green Star,444,75,1.2,4.774774775,5.92,2.042792793,7,0.443693694,2.042792793,1.752252252,1.472972973,0.862612613,0.355855856,0.252252252,0.191441441,0.277027027,0.015765766,0.002252252,0.717717718,0.722522523,0.748948949,0.311312964,0.25433526,0.352601156,3
Gusto ni Juliana nga Makabaton ug Binuhi,156,13,0,4.820512821,12,2.153846154,5,0.429487179,2.153846154,1.724358974,1.538461538,0.814102564,0.33974359,0.243589744,0.128205128,0.262820513,0.044871795,0.006410256,0.681895093,0.664974619,0.708967851,0.3,0.248837209,0.341860465,3
Higala sa Nataran,190,25,1.391304348,4.926315789,7.6,2.1,4,0.394736842,2.1,1.847368421,1.605263158,0.910526316,0.342105263,0.252631579,0.147368421,0.257894737,0.026315789,0,0.688259109,0.686909582,0.719298246,0.28021978,0.245421245,0.311355311,3
Higanteng Megapon,478,70,1.333333333,4.974895397,6.828571429,2.048117155,5,0.575313808,2.048117155,1.70292887,1.546025105,0.907949791,0.474895397,0.305439331,0.230125523,0.387029289,0.052301255,0,0.673046252,0.667729931,0.712387028,0.280057595,0.251259899,0.335493161,3
Kapayas,160,18,1.263157895,4.675,8.888888889,2.01875,1,0.38125,2.01875,1.725,1.45625,0.825,0.2875,0.175,0.10625,0.225,0.01875,0,0.69846678,0.683134583,0.730834753,0.252336449,0.189252336,0.292056075,3
Khutrukke,569,59,1.75,4.826010545,9.644067797,2.101933216,12,0.471001757,2.101933216,1.746924429,1.481546573,0.843585237,0.374340949,0.25483304,0.196836555,0.346221441,0.061511424,0.003514938,0.662937063,0.662004662,0.687179487,0.284977434,0.262411348,0.332688588,3
Kung Moabot ang Baha,407,129,1.3,4.714987715,3.15503876,2.029484029,9,0.41031941,2.029484029,1.724815725,1.412776413,0.842751843,0.366093366,0.267813268,0.110565111,0.27027027,0.01965602,0,0.676589986,0.665087957,0.689445196,0.265188042,0.268081003,0.356798457,3
Lupad Agila Lupad,312,36,1.533333333,4.794871795,8.666666667,2.070512821,5,0.439102564,2.070512821,1.759615385,1.371794872,0.794871795,0.256410256,0.185897436,0.141025641,0.362179487,0.019230769,0,0.646153846,0.665811966,0.703418803,0.30141844,0.224586288,0.372340426,3
Magtutudlo,216,14,1.533333333,4.949074074,15.42857143,2.12962963,4,0.509259259,2.12962963,1.791666667,1.476851852,0.828703704,0.384259259,0.236111111,0.217592593,0.337962963,0.041666667,0,0.700471698,0.681603774,0.706367925,0.302547771,0.25955414,0.331210191,3
Mapahiyumon na si Phoe Tar Lay,484,46,1.431818182,4.462809917,10.52173913,1.931818182,22,0.41322314,1.931818182,1.605371901,1.252066116,0.731404959,0.260330579,0.17768595,0.119834711,0.285123967,0.033057851,0,0.676363636,0.671515152,0.716363636,0.265323993,0.238178634,0.323992995,3
May Torotot sa Kalubihan,706,70,1.633333333,4.521246459,10.08571429,1.95184136,7,0.35694051,1.95184136,1.688385269,1.40509915,0.83427762,0.293201133,0.218130312,0.138810198,0.233711048,0.011331445,0.001416431,0.700768298,0.68904165,0.735139507,0.313211845,0.259111617,0.36047836,3
Mga Abyan sa Lasang,386,39,1.636363636,4.461139896,9.897435897,1.953367876,7,0.373056995,1.953367876,1.660621762,1.35492228,0.777202073,0.274611399,0.189119171,0.119170984,0.248704663,0.005181347,0,0.733031674,0.74811463,0.763951735,0.331182796,0.282795699,0.348387097,3
Misteryoso na Suba,729,73,1.606557377,4.702331962,9.98630137,2.020576132,12,0.475994513,2.020576132,1.781893004,1.379972565,0.829903978,0.351165981,0.226337449,0.156378601,0.325102881,0.030178326,0.001371742,0.725241996,0.724869695,0.752419955,0.31294964,0.289311408,0.343268243,3
Nagkita na gayod,875,164,1.5,4.549714286,5.335365854,1.941714286,4,0.426285714,1.941714286,1.657142857,1.361142857,0.794285714,0.363428571,0.273142857,0.123428571,0.226285714,0.011428571,0,0.689097379,0.681009382,0.692332578,0.268501805,0.254061372,0.293772563,3
Nagtanom si Sophy ug Baktin,318,35,2.047619048,4.550314465,9.085714286,1.871069182,4,0.437106918,1.871069182,1.603773585,1.393081761,0.849056604,0.36163522,0.279874214,0.179245283,0.27672956,0.028301887,0,0.681172291,0.696269982,0.712255773,0.294044665,0.26674938,0.306451613,3
Naka-iskor ug Goal si Elsa,241,29,1.363636364,5.116182573,8.310344828,2.211618257,16,0.589211618,2.211618257,1.809128631,1.460580913,0.821576763,0.481327801,0.290456432,0.199170124,0.468879668,0.053941909,0.01659751,0.596891192,0.622797927,0.644559585,0.228571429,0.221428571,0.258571429,3
Nakita sa Leon Iyang Kaugalingon,704,50,2.323529412,4.440340909,14.08,1.884943182,12,0.369318182,1.884943182,1.585227273,1.302556818,0.717329545,0.248579545,0.167613636,0.129261364,0.242897727,0.007102273,0.002840909,0.699373695,0.691022965,0.72776618,0.332335329,0.265868263,0.395209581,3
Nganong Nihilak si Ate Risa,243,43,1.433333333,4.670781893,5.651162791,2.041152263,5,0.469135802,2.041152263,1.748971193,1.358024691,0.814814815,0.382716049,0.226337449,0.16872428,0.329218107,0.053497942,0,0.712189616,0.723476298,0.724604966,0.293103448,0.271159875,0.360501567,3
Paubos,502,63,2.531914894,4.408366534,7.968253968,1.938247012,3,0.360557769,1.938247012,1.669322709,1.278884462,0.788844622,0.282868526,0.197211155,0.131474104,0.241035857,0.017928287,0,0.707287933,0.740143369,0.740143369,0.278929188,0.266839378,0.316925734,3
Rambutans para ni Yaki,579,86,1.396226415,4.512953368,6.73255814,1.944732297,9,0.424870466,1.944732297,1.678756477,1.305699482,0.784110535,0.321243523,0.212435233,0.162348877,0.293609672,0.020725389,0.001727116,0.722580645,0.712158809,0.751861042,0.325157673,0.261387526,0.356692362,3
Sa Akong Paglakaw lakaw,111,11,1.416666667,5.396396396,10.09090909,2.216216216,9,0.693693694,2.216216216,1.882882883,1.711711712,1.018018018,0.531531532,0.387387387,0.252252252,0.504504505,0.063063063,0,0.750519751,0.735966736,0.762993763,0.340659341,0.313186813,0.368131868,3
Sa Baryo Kamayanan ug ang Sugilanon sa mga Gasayaw nga mga Kamot,300,27,2.095238095,5.443333333,11.11111111,2.27,10,0.486666667,2.27,1.986666667,1.816666667,1.03,0.42,0.306666667,0.183333333,0.32,0.033333333,0.006666667,0.678274035,0.673732021,0.725965178,0.281620553,0.22826087,0.288537549,3
Sa Sapa,96,11,1.083333333,4.145833333,8.727272727,1.947916667,0,0.166666667,1.947916667,1.625,1.239583333,0.697916667,0.125,0.09375,0.052083333,0.083333333,0.010416667,0,0.790697674,0.76744186,0.817275748,0.419512195,0.341463415,0.434146341,3
Salamat Ginoo,150,14,1.266666667,4.6,10.71428571,1.993333333,0,0.4,1.993333333,1.666666667,1.393333333,0.813333333,0.26,0.2,0.14,0.313333333,0,0,0.685873606,0.721189591,0.767657993,0.279792746,0.277202073,0.295336788,3
Sapatos na Bulawan,262,17,1.8125,4.564885496,15.41176471,1.969465649,2,0.366412214,1.969465649,1.671755725,1.427480916,0.801526718,0.282442748,0.20610687,0.110687023,0.213740458,0.011450382,0,0.737634409,0.713978495,0.782795699,0.304216867,0.254518072,0.325301205,3
Si Fatima ang i-spinner ug ang Tolda,1102,57,2.54,4.689655172,19.33333333,2.068965517,27,0.445553539,2.068965517,1.777676951,1.369328494,0.774954628,0.305807623,0.219600726,0.156079855,0.343920145,0.01814882,0.001814882,0.721132357,0.719890738,0.760615843,0.331144141,0.283788455,0.390252333,3
Si Iru ug Iring Nagkahigla,92,6,1.714285714,4.489130435,15.33333333,1.956521739,1,0.402173913,1.956521739,1.663043478,1.391304348,0.782608696,0.315217391,0.282608696,0.152173913,0.293478261,0.010869565,0,0.674050633,0.661392405,0.702531646,0.280542986,0.244343891,0.303167421,3
Si melay at ang gulayan,216,17,1.222222222,4.99537037,12.70588235,2.097222222,9,0.509259259,2.097222222,1.814814815,1.574074074,0.916666667,0.407407407,0.300925926,0.12962963,0.236111111,0.046296296,0,0.80952381,0.770034843,0.789779326,0.456521739,0.338509317,0.385093168,3
Si Melay ug ang Tanaman sa Utanon,218,16,1.411764706,4.876146789,13.625,2.100917431,5,0.412844037,2.100917431,1.73853211,1.619266055,0.862385321,0.357798165,0.23853211,0.119266055,0.220183486,0.013761468,0.009174312,0.739904988,0.726840855,0.773159145,0.376205788,0.344051447,0.438906752,3
Si Oming ug Aning Amigas,134,16,1.176470588,4.723880597,8.375,2.126865672,4,0.313432836,2.126865672,1.791044776,1.529850746,0.888059701,0.291044776,0.223880597,0.097014925,0.186567164,0.014925373,0,0.744939271,0.70242915,0.779352227,0.336134454,0.274509804,0.386554622,3
Si Pogi si Pogs ug ang Tora-tora,447,54,1.44,4.507829978,8.277777778,1.937360179,5,0.351230425,1.937360179,1.731543624,1.346756152,0.836689038,0.288590604,0.212527964,0.102908277,0.192393736,0.017897092,0,0.678479381,0.68685567,0.704252577,0.279452055,0.247488584,0.308675799,3
Si Tamtam,455,42,1.777777778,4.773626374,10.83333333,2.030769231,10,0.443956044,2.030769231,1.738461538,1.50989011,0.918681319,0.406593407,0.314285714,0.213186813,0.298901099,0.026373626,0.002197802,0.765982405,0.746627566,0.780645161,0.323909532,0.284329564,0.377221325,3
Si Toutou Gustong Moadto sa Ciudad,269,29,1.529411765,4.609665428,9.275862069,2.029739777,5,0.379182156,2.029739777,1.724907063,1.319702602,0.769516729,0.286245353,0.208178439,0.144981413,0.260223048,0.037174721,0.003717472,0.710444674,0.669079628,0.725956567,0.305475504,0.249279539,0.325648415,3
Strawla Reyna sa mga Basura,705,54,1.723404255,4.777304965,13.05555556,2.015602837,18,0.512056738,2.015602837,1.729078014,1.385815603,0.804255319,0.331914894,0.232624113,0.164539007,0.4,0.066666667,0.00141844,0.677591463,0.684070122,0.70160061,0.274364407,0.229872881,0.324682203,3
Tiaw Lang,792,151,1.767241379,4.460858586,5.245033113,1.911616162,4,0.414141414,1.911616162,1.681818182,1.271464646,0.796717172,0.339646465,0.262626263,0.138888889,0.227272727,0.006313131,0,0.667525773,0.634756996,0.693667158,0.275195822,0.243342037,0.31227154,3
Unsa kaha ko Pagdako,263,21,2.875,4.650190114,12.52380952,1.996197719,11,0.441064639,1.996197719,1.657794677,1.395437262,0.783269962,0.365019011,0.243346008,0.148288973,0.266159696,0.019011407,0,0.742857143,0.765079365,0.765079365,0.302848576,0.253373313,0.338830585,3
Unsa kaha,263,21,2.875,4.650190114,12.52380952,1.996197719,11,0.441064639,1.996197719,1.657794677,1.395437262,0.783269962,0.365019011,0.243346008,0.148288973,0.266159696,0.019011407,0,0.742857143,0.765079365,0.765079365,0.302848576,0.253373313,0.338830585,3
Wala Nahadlok si Ira,512,112,1.262626263,4.78125,4.571428571,2.05078125,15,0.455078125,2.05078125,1.6796875,1.439453125,0.80078125,0.3515625,0.244140625,0.1875,0.33203125,0.0390625,0.01171875,0.589878756,0.585134423,0.594095941,0.232023721,0.209785026,0.295033358,3
